date,hour,type,东四,天坛,官园,万寿西宫,奥体中心,农展馆,万柳,北部新区,植物园,丰台花园,云岗,古城,房山,大兴,亦庄,通州,顺义,昌平,门头沟,平谷,怀柔,密云,延庆,定陵,八达岭,密云水库,东高村,永乐店,榆垡,琉璃河,前门,永定门内,西直门北,南三环,东四环
20170102,11,PM2.5,20.0,314.0,74.0,419.0,18.0,11.0,29.0,40.0,11.0,372.0,351.0,207.0,319.0,302.0,298.0,269.0,50.0,15.0,36.0,243.0,53.0,46.0,40.0,13.0,16.0,17.0,187.0,300.0,309.0,264.0,219.0,429.0,18.0,423.0,24.0
20170103,11,PM2.5,229.0,356.0,209.0,,155.0,304.0,200.0,236.0,188.0,238.0,185.0,205.0,335.0,571.0,416.0,401.0,148.0,266.0,188.0,202.0,127.0,103.0,155.0,168.0,97.0,74.0,267.0,372.0,348.0,422.0,253.0,387.0,221.0,363.0,261.0
20170104,11,PM2.5,159.0,537.0,,529.0,333.0,287.0,310.0,254.0,352.0,534.0,457.0,340.0,498.0,448.0,371.0,436.0,229.0,187.0,80.0,519.0,58.0,44.0,105.0,93.0,85.0,22.0,476.0,392.0,343.0,373.0,204.0,646.0,347.0,600.0,318.0
20170105,11,PM2.5,277.0,251.0,255.0,278.0,267.0,266.0,229.0,247.0,203.0,264.0,256.0,274.0,269.0,265.0,217.0,304.0,319.0,262.0,261.0,421.0,309.0,303.0,140.0,278.0,105.0,208.0,290.0,327.0,276.0,218.0,274.0,266.0,256.0,266.0,275.0
20170106,11,PM2.5,207.0,212.0,167.0,217.0,216.0,300.0,194.0,224.0,,190.0,204.0,174.0,199.0,209.0,,276.0,161.0,235.0,178.0,165.0,148.0,135.0,166.0,191.0,106.0,135.0,198.0,355.0,219.0,272.0,233.0,221.0,202.0,206.0,300.0
20170107,11,PM2.5,161.0,149.0,153.0,148.0,167.0,176.0,166.0,272.0,,199.0,223.0,227.0,223.0,258.0,260.0,245.0,163.0,297.0,238.0,330.0,135.0,153.0,81.0,274.0,34.0,104.0,289.0,344.0,230.0,259.0,155.0,149.0,154.0,176.0,189.0
20170108,11,PM2.5,25.0,25.0,33.0,19.0,22.0,20.0,20.0,12.0,20.0,25.0,105.0,26.0,217.0,146.0,24.0,25.0,28.0,22.0,23.0,35.0,28.0,31.0,45.0,23.0,26.0,35.0,43.0,25.0,119.0,105.0,28.0,22.0,26.0,30.0,22.0
20170109,11,PM2.5,15.0,9.0,14.0,13.0,12.0,10.0,12.0,8.0,9.0,16.0,13.0,14.0,16.0,3.0,14.0,16.0,12.0,13.0,3.0,,11.0,13.0,30.0,14.0,13.0,3.0,18.0,10.0,24.0,94.0,13.0,16.0,18.0,17.0,
20170110,11,PM2.5,7.0,9.0,12.0,3.0,3.0,3.0,4.0,3.0,,5.0,3.0,6.0,3.0,10.0,5.0,19.0,10.0,12.0,8.0,32.0,8.0,11.0,16.0,14.0,13.0,4.0,20.0,15.0,6.0,,9.0,7.0,8.0,6.0,6.0
20170111,11,PM2.5,60.0,74.0,49.0,74.0,3.0,,74.0,68.0,,73.0,64.0,71.0,79.0,121.0,199.0,102.0,52.0,93.0,37.0,101.0,33.0,34.0,68.0,66.0,28.0,13.0,112.0,224.0,186.0,233.0,75.0,82.0,60.0,87.0,69.0
20170112,11,PM2.5,28.0,24.0,26.0,34.0,20.0,23.0,24.0,23.0,,44.0,95.0,31.0,90.0,119.0,76.0,41.0,39.0,31.0,36.0,55.0,36.0,33.0,36.0,25.0,24.0,18.0,26.0,64.0,128.0,205.0,38.0,22.0,24.0,46.0,29.0
20170113,11,PM2.5,11.0,15.0,18.0,16.0,17.0,20.0,19.0,4.0,10.0,16.0,5.0,22.0,20.0,20.0,8.0,8.0,11.0,,17.0,6.0,5.0,15.0,15.0,15.0,21.0,14.0,8.0,15.0,13.0,14.0,25.0,10.0,26.0,23.0,17.0
20170114,11,PM2.5,27.0,26.0,31.0,23.0,25.0,17.0,33.0,28.0,20.0,29.0,30.0,27.0,19.0,21.0,23.0,20.0,13.0,12.0,23.0,30.0,18.0,17.0,50.0,20.0,26.0,10.0,18.0,11.0,20.0,37.0,27.0,39.0,34.0,27.0,21.0
20170115,11,PM2.5,53.0,40.0,30.0,35.0,37.0,33.0,41.0,68.0,49.0,43.0,41.0,51.0,51.0,29.0,27.0,33.0,57.0,65.0,69.0,70.0,72.0,59.0,75.0,58.0,85.0,56.0,57.0,66.0,51.0,84.0,47.0,35.0,43.0,38.0,39.0
20170116,11,PM2.5,57.0,55.0,71.0,2.0,66.0,53.0,83.0,103.0,108.0,68.0,92.0,106.0,72.0,62.0,76.0,84.0,89.0,87.0,122.0,89.0,98.0,90.0,129.0,99.0,120.0,80.0,93.0,107.0,105.0,72.0,50.0,68.0,75.0,55.0,68.0
20170117,11,PM2.5,155.0,142.0,144.0,161.0,163.0,143.0,7.0,134.0,129.0,169.0,145.0,140.0,139.0,122.0,124.0,146.0,128.0,131.0,133.0,159.0,132.0,128.0,145.0,13.0,154.0,109.0,176.0,164.0,135.0,123.0,,149.0,159.0,154.0,147.0
20170118,11,PM2.5,27.0,20.0,26.0,21.0,26.0,20.0,21.0,41.0,34.0,22.0,25.0,27.0,28.0,18.0,,,13.0,55.0,40.0,92.0,18.0,18.0,48.0,12.0,3.0,17.0,25.0,55.0,22.0,75.0,,21.0,26.0,22.0,22.0
20170119,11,PM2.5,25.0,18.0,16.0,14.0,12.0,13.0,9.0,9.0,7.0,13.0,10.0,13.0,13.0,13.0,,21.0,20.0,13.0,15.0,88.0,30.0,55.0,7.0,9.0,19.0,76.0,93.0,47.0,,14.0,22.0,16.0,20.0,12.0,12.0
20170120,11,PM2.5,39.0,12.0,14.0,17.0,17.0,14.0,9.0,19.0,20.0,36.0,41.0,31.0,39.0,37.0,21.0,18.0,8.0,7.0,13.0,8.0,7.0,8.0,15.0,3.0,12.0,7.0,6.0,23.0,23.0,65.0,19.0,23.0,19.0,26.0,18.0
20170121,11,PM2.5,3.0,8.0,10.0,5.0,7.0,8.0,6.0,9.0,14.0,8.0,7.0,7.0,7.0,5.0,6.0,7.0,9.0,13.0,13.0,14.0,4.0,10.0,3.0,9.0,12.0,11.0,10.0,12.0,11.0,7.0,13.0,8.0,3.0,6.0,7.0
20170122,11,PM2.5,21.0,16.0,12.0,18.0,21.0,17.0,13.0,37.0,14.0,15.0,21.0,17.0,32.0,22.0,21.0,16.0,9.0,8.0,3.0,5.0,8.0,6.0,21.0,4.0,14.0,9.0,7.0,21.0,38.0,94.0,22.0,29.0,23.0,15.0,17.0
20170123,11,PM2.5,20.0,15.0,21.0,14.0,18.0,15.0,17.0,55.0,31.0,3.0,21.0,24.0,20.0,25.0,26.0,31.0,10.0,81.0,42.0,41.0,,10.0,50.0,33.0,43.0,12.0,77.0,72.0,79.0,,23.0,16.0,22.0,15.0,21.0
20170124,11,PM2.5,25.0,42.0,40.0,46.0,44.0,32.0,46.0,97.0,72.0,56.0,73.0,64.0,97.0,123.0,83.0,60.0,27.0,104.0,74.0,113.0,25.0,30.0,106.0,72.0,80.0,22.0,172.0,169.0,144.0,126.0,50.0,42.0,42.0,46.0,38.0
20170125,11,PM2.5,144.0,129.0,158.0,,136.0,114.0,155.0,178.0,162.0,165.0,159.0,167.0,183.0,185.0,177.0,198.0,98.0,173.0,126.0,239.0,99.0,89.0,143.0,149.0,122.0,94.0,165.0,264.0,234.0,175.0,152.0,154.0,159.0,167.0,115.0
20170126,11,PM2.5,312.0,285.0,253.0,299.0,270.0,301.0,244.0,263.0,280.0,257.0,289.0,267.0,279.0,265.0,338.0,324.0,276.0,295.0,249.0,354.0,3.0,145.0,243.0,283.0,213.0,265.0,322.0,358.0,343.0,271.0,298.0,289.0,253.0,284.0,303.0
20170127,11,PM2.5,35.0,37.0,40.0,43.0,28.0,31.0,34.0,17.0,29.0,46.0,42.0,42.0,43.0,60.0,43.0,30.0,22.0,18.0,32.0,57.0,19.0,26.0,47.0,21.0,12.0,11.0,10.0,29.0,68.0,50.0,38.0,41.0,36.0,47.0,34.0
20170128,11,PM2.5,267.0,240.0,299.0,302.0,257.0,247.0,283.0,345.0,,362.0,314.0,306.0,363.0,243.0,229.0,228.0,283.0,295.0,335.0,159.0,221.0,221.0,195.0,288.0,216.0,149.0,130.0,168.0,391.0,598.0,274.0,251.0,283.0,277.0,236.0
20170129,11,PM2.5,9.0,7.0,9.0,7.0,12.0,13.0,8.0,14.0,5.0,10.0,11.0,7.0,5.0,7.0,13.0,12.0,9.0,14.0,13.0,16.0,6.0,7.0,11.0,7.0,17.0,7.0,15.0,11.0,8.0,7.0,17.0,13.0,12.0,9.0,9.0
20170130,11,PM2.5,10.0,9.0,14.0,9.0,4.0,4.0,7.0,12.0,,8.0,13.0,12.0,6.0,8.0,14.0,13.0,6.0,12.0,14.0,15.0,9.0,7.0,26.0,8.0,16.0,9.0,11.0,9.0,8.0,68.0,10.0,17.0,3.0,13.0,7.0
20170131,11,PM2.5,70.0,117.0,67.0,137.0,81.0,73.0,68.0,73.0,,135.0,105.0,74.0,149.0,127.0,129.0,143.0,104.0,89.0,74.0,160.0,80.0,76.0,94.0,52.0,60.0,54.0,137.0,108.0,126.0,146.0,90.0,125.0,74.0,127.0,65.0
20170201,11,PM2.5,,10.0,3.0,11.0,6.0,4.0,10.0,28.0,14.0,8.0,13.0,13.0,12.0,6.0,9.0,10.0,3.0,9.0,13.0,10.0,3.0,3.0,19.0,8.0,12.0,3.0,4.0,6.0,3.0,13.0,6.0,8.0,13.0,10.0,7.0
20170202,11,PM2.5,,57.0,58.0,57.0,51.0,42.0,58.0,76.0,58.0,56.0,51.0,58.0,58.0,62.0,54.0,45.0,28.0,98.0,46.0,113.0,35.0,33.0,112.0,69.0,95.0,33.0,104.0,126.0,207.0,85.0,64.0,55.0,64.0,59.0,45.0
20170203,11,PM2.5,67.0,78.0,74.0,66.0,66.0,63.0,98.0,105.0,103.0,104.0,89.0,105.0,107.0,147.0,95.0,101.0,72.0,166.0,81.0,214.0,50.0,53.0,157.0,128.0,170.0,44.0,289.0,300.0,300.0,137.0,71.0,69.0,82.0,79.0,70.0
20170204,11,PM2.5,304.0,303.0,276.0,300.0,281.0,295.0,278.0,279.0,303.0,311.0,279.0,298.0,281.0,379.0,396.0,367.0,264.0,290.0,254.0,378.0,271.0,274.0,225.0,270.0,161.0,251.0,299.0,338.0,344.0,474.0,304.0,310.0,278.0,319.0,271.0
20170205,11,PM2.5,7.0,10.0,6.0,3.0,10.0,3.0,4.0,5.0,,3.0,4.0,5.0,5.0,7.0,7.0,4.0,6.0,12.0,6.0,14.0,25.0,17.0,27.0,10.0,14.0,12.0,5.0,12.0,13.0,195.0,3.0,9.0,10.0,9.0,6.0
20170206,11,PM2.5,4.0,5.0,6.0,3.0,7.0,3.0,11.0,15.0,,6.0,8.0,8.0,10.0,6.0,5.0,8.0,4.0,35.0,9.0,11.0,6.0,5.0,9.0,21.0,3.0,10.0,13.0,11.0,8.0,17.0,7.0,9.0,7.0,6.0,3.0
20170207,11,PM2.5,53.0,45.0,41.0,40.0,73.0,43.0,41.0,96.0,,3.0,3.0,63.0,104.0,51.0,3.0,86.0,103.0,82.0,106.0,83.0,65.0,57.0,68.0,89.0,92.0,33.0,76.0,76.0,85.0,127.0,25.0,46.0,44.0,46.0,3.0
20170208,11,PM2.5,19.0,16.0,9.0,,10.0,10.0,10.0,5.0,3.0,5.0,7.0,6.0,6.0,6.0,11.0,10.0,7.0,12.0,3.0,21.0,6.0,7.0,9.0,10.0,17.0,12.0,3.0,12.0,13.0,10.0,8.0,10.0,,7.0,7.0
20170210,11,PM2.5,9.0,10.0,3.0,4.0,9.0,7.0,3.0,9.0,4.0,8.0,3.0,4.0,5.0,5.0,6.0,7.0,7.0,6.0,7.0,8.0,9.0,6.0,13.0,7.0,15.0,3.0,3.0,9.0,5.0,12.0,4.0,5.0,13.0,4.0,6.0
20170211,11,PM2.5,31.0,22.0,15.0,17.0,17.0,24.0,21.0,31.0,19.0,14.0,21.0,18.0,26.0,21.0,20.0,24.0,6.0,15.0,11.0,12.0,14.0,9.0,42.0,14.0,19.0,10.0,15.0,17.0,71.0,66.0,24.0,23.0,22.0,24.0,27.0
20170212,11,PM2.5,152.0,140.0,117.0,136.0,126.0,157.0,108.0,43.0,51.0,127.0,111.0,95.0,132.0,139.0,197.0,182.0,36.0,104.0,79.0,98.0,23.0,20.0,101.0,75.0,100.0,28.0,78.0,197.0,246.0,98.0,141.0,144.0,131.0,143.0,158.0
20170213,11,PM2.5,48.0,32.0,41.0,35.0,45.0,31.0,47.0,39.0,30.0,40.0,40.0,37.0,26.0,30.0,38.0,46.0,30.0,23.0,22.0,202.0,40.0,29.0,75.0,24.0,35.0,24.0,159.0,84.0,197.0,118.0,39.0,,43.0,39.0,35.0
20170214,11,PM2.5,193.0,176.0,161.0,183.0,170.0,191.0,176.0,170.0,159.0,186.0,190.0,174.0,,178.0,181.0,197.0,208.0,188.0,173.0,182.0,174.0,152.0,131.0,160.0,85.0,92.0,200.0,135.0,170.0,186.0,169.0,190.0,161.0,195.0,192.0
20170215,11,PM2.5,265.0,228.0,,242.0,249.0,254.0,240.0,256.0,245.0,253.0,257.0,232.0,237.0,,273.0,264.0,221.0,262.0,251.0,247.0,220.0,234.0,291.0,270.0,255.0,215.0,165.0,284.0,248.0,287.0,256.0,244.0,263.0,241.0,290.0
20170216,11,PM2.5,30.0,35.0,48.0,48.0,41.0,18.0,67.0,47.0,,58.0,33.0,35.0,73.0,49.0,25.0,17.0,18.0,15.0,47.0,23.0,22.0,13.0,221.0,6.0,62.0,10.0,87.0,20.0,51.0,80.0,44.0,39.0,49.0,49.0,19.0
20170217,11,PM2.5,5.0,9.0,3.0,10.0,6.0,10.0,3.0,5.0,11.0,8.0,7.0,3.0,7.0,,9.0,11.0,6.0,15.0,9.0,4.0,3.0,3.0,18.0,8.0,13.0,3.0,5.0,13.0,7.0,52.0,8.0,11.0,9.0,13.0,7.0
20170218,11,PM2.5,103.0,99.0,83.0,94.0,89.0,98.0,85.0,83.0,,86.0,85.0,86.0,74.0,119.0,123.0,172.0,97.0,94.0,72.0,135.0,77.0,48.0,71.0,66.0,43.0,,133.0,152.0,112.0,106.0,106.0,99.0,93.0,96.0,104.0
20170219,11,PM2.5,170.0,165.0,169.0,172.0,169.0,170.0,155.0,177.0,,166.0,167.0,156.0,161.0,166.0,178.0,187.0,133.0,164.0,171.0,190.0,120.0,133.0,176.0,151.0,,,155.0,180.0,177.0,182.0,166.0,171.0,177.0,167.0,173.0
20170220,11,PM2.5,4.0,8.0,5.0,15.0,9.0,6.0,4.0,8.0,8.0,8.0,8.0,4.0,7.0,7.0,10.0,6.0,3.0,9.0,6.0,7.0,3.0,3.0,16.0,11.0,15.0,,3.0,11.0,11.0,8.0,11.0,8.0,6.0,9.0,9.0
20170222,11,PM2.5,127.0,125.0,128.0,132.0,131.0,143.0,,130.0,129.0,131.0,153.0,156.0,134.0,,143.0,144.0,118.0,137.0,,147.0,117.0,111.0,120.0,139.0,87.0,78.0,126.0,133.0,187.0,131.0,135.0,130.0,134.0,135.0,137.0
20170223,11,PM2.5,12.0,12.0,13.0,15.0,13.0,16.0,12.0,9.0,20.0,13.0,27.0,10.0,25.0,,14.0,17.0,17.0,7.0,9.0,9.0,5.0,17.0,12.0,9.0,10.0,6.0,11.0,18.0,15.0,67.0,6.0,13.0,16.0,15.0,15.0
20170224,11,PM2.5,19.0,9.0,7.0,20.0,22.0,24.0,14.0,17.0,18.0,17.0,,19.0,29.0,15.0,39.0,31.0,9.0,13.0,18.0,45.0,18.0,18.0,50.0,12.0,19.0,,30.0,22.0,80.0,79.0,24.0,19.0,22.0,21.0,26.0
20170225,11,PM2.5,13.0,4.0,6.0,,9.0,11.0,11.0,8.0,6.0,8.0,5.0,8.0,6.0,6.0,9.0,6.0,19.0,14.0,5.0,40.0,27.0,12.0,21.0,14.0,12.0,,26.0,14.0,5.0,23.0,14.0,7.0,14.0,14.0,13.0
20170226,11,PM2.5,24.0,18.0,23.0,13.0,31.0,17.0,25.0,33.0,19.0,24.0,36.0,24.0,35.0,20.0,21.0,30.0,15.0,69.0,29.0,64.0,14.0,11.0,82.0,22.0,38.0,,,66.0,35.0,33.0,27.0,22.0,25.0,25.0,22.0
20170227,11,PM2.5,109.0,105.0,66.0,,122.0,94.0,65.0,83.0,82.0,86.0,79.0,77.0,87.0,122.0,162.0,168.0,91.0,66.0,73.0,104.0,49.0,47.0,108.0,71.0,86.0,,,166.0,167.0,95.0,102.0,98.0,81.0,105.0,126.0
20170228,11,PM2.5,11.0,7.0,4.0,4.0,7.0,4.0,3.0,6.0,6.0,7.0,7.0,4.0,3.0,3.0,8.0,16.0,23.0,3.0,5.0,13.0,23.0,19.0,55.0,8.0,21.0,,19.0,20.0,7.0,37.0,8.0,7.0,8.0,11.0,11.0
20170301,11,PM2.5,11.0,6.0,9.0,4.0,7.0,14.0,7.0,13.0,12.0,14.0,11.0,8.0,10.0,9.0,9.0,8.0,3.0,3.0,,7.0,3.0,4.0,8.0,12.0,14.0,,7.0,9.0,8.0,6.0,7.0,15.0,14.0,10.0,5.0
20170302,11,PM2.5,52.0,49.0,40.0,54.0,53.0,,45.0,50.0,34.0,49.0,49.0,39.0,57.0,54.0,57.0,46.0,58.0,43.0,43.0,45.0,33.0,34.0,37.0,38.0,19.0,,54.0,54.0,65.0,50.0,62.0,57.0,43.0,61.0,
20170303,11,PM2.5,108.0,108.0,90.0,99.0,101.0,109.0,78.0,88.0,70.0,90.0,,77.0,99.0,103.0,114.0,121.0,96.0,89.0,94.0,101.0,52.0,51.0,82.0,101.0,70.0,,87.0,104.0,96.0,119.0,108.0,108.0,97.0,112.0,124.0
20170304,11,PM2.5,72.0,66.0,64.0,77.0,75.0,65.0,79.0,90.0,77.0,82.0,116.0,95.0,98.0,70.0,78.0,72.0,75.0,70.0,121.0,89.0,70.0,69.0,55.0,81.0,86.0,,55.0,76.0,80.0,100.0,67.0,77.0,70.0,81.0,75.0
20170305,11,PM2.5,13.0,8.0,11.0,13.0,17.0,4.0,17.0,11.0,11.0,14.0,73.0,14.0,57.0,13.0,13.0,9.0,7.0,14.0,17.0,15.0,8.0,7.0,10.0,11.0,18.0,,3.0,31.0,61.0,59.0,18.0,16.0,17.0,18.0,16.0
20170306,11,PM2.5,34.0,42.0,31.0,53.0,29.0,40.0,25.0,33.0,28.0,33.0,32.0,30.0,38.0,48.0,65.0,41.0,22.0,33.0,40.0,31.0,10.0,10.0,16.0,48.0,9.0,,23.0,52.0,59.0,65.0,38.0,38.0,31.0,42.0,39.0
20170308,11,PM2.5,11.0,13.0,10.0,9.0,4.0,7.0,8.0,7.0,13.0,11.0,13.0,,6.0,8.0,11.0,9.0,5.0,4.0,10.0,13.0,10.0,11.0,14.0,11.0,19.0,10.0,13.0,12.0,7.0,23.0,6.0,11.0,10.0,14.0,10.0
20170309,11,PM2.5,7.0,10.0,11.0,4.0,7.0,10.0,5.0,4.0,3.0,,10.0,9.0,3.0,6.0,9.0,14.0,,12.0,8.0,19.0,6.0,20.0,16.0,13.0,,15.0,19.0,8.0,17.0,23.0,6.0,6.0,7.0,11.0,10.0
20170312,11,PM2.5,3.0,4.0,3.0,9.0,5.0,3.0,11.0,15.0,7.0,11.0,8.0,7.0,4.0,7.0,7.0,3.0,4.0,3.0,5.0,8.0,6.0,8.0,7.0,3.0,19.0,3.0,6.0,3.0,3.0,6.0,4.0,6.0,8.0,10.0,8.0
20170316,11,PM2.5,151.0,144.0,121.0,145.0,146.0,157.0,129.0,,125.0,130.0,143.0,131.0,144.0,153.0,165.0,152.0,160.0,125.0,129.0,140.0,112.0,100.0,103.0,115.0,115.0,80.0,112.0,139.0,98.0,160.0,142.0,152.0,131.0,154.0,167.0
20170317,11,PM2.5,124.0,118.0,121.0,128.0,130.0,113.0,109.0,138.0,100.0,127.0,144.0,128.0,127.0,118.0,137.0,154.0,146.0,101.0,121.0,132.0,136.0,129.0,144.0,111.0,120.0,96.0,127.0,120.0,140.0,160.0,117.0,123.0,128.0,128.0,121.0
20170318,11,PM2.5,128.0,121.0,109.0,126.0,138.0,141.0,87.0,125.0,61.0,77.0,122.0,93.0,98.0,117.0,160.0,180.0,105.0,142.0,145.0,201.0,101.0,119.0,107.0,46.0,69.0,105.0,204.0,212.0,190.0,153.0,120.0,126.0,120.0,129.0,150.0
20170319,11,PM2.5,238.0,237.0,273.0,267.0,238.0,235.0,277.0,333.0,264.0,299.0,328.0,299.0,270.0,231.0,252.0,245.0,220.0,240.0,321.0,188.0,206.0,219.0,259.0,248.0,273.0,146.0,194.0,222.0,336.0,283.0,243.0,244.0,271.0,245.0,239.0
20170320,11,PM2.5,180.0,156.0,157.0,162.0,174.0,183.0,168.0,276.0,200.0,164.0,188.0,189.0,148.0,145.0,175.0,170.0,203.0,199.0,201.0,195.0,202.0,189.0,272.0,194.0,269.0,181.0,167.0,160.0,161.0,150.0,165.0,165.0,173.0,164.0,191.0
20170321,11,PM2.5,118.0,109.0,111.0,108.0,109.0,79.0,109.0,126.0,118.0,109.0,134.0,127.0,93.0,89.0,98.0,60.0,24.0,76.0,130.0,16.0,34.0,14.0,37.0,56.0,66.0,19.0,17.0,94.0,61.0,65.0,106.0,112.0,,109.0,53.0
20170322,11,PM2.5,184.0,160.0,161.0,167.0,174.0,165.0,158.0,174.0,147.0,164.0,170.0,,153.0,141.0,117.0,137.0,178.0,153.0,162.0,103.0,134.0,127.0,132.0,,136.0,106.0,82.0,132.0,92.0,167.0,171.0,157.0,171.0,178.0,176.0
20170323,11,PM2.5,100.0,91.0,91.0,87.0,96.0,96.0,91.0,107.0,93.0,85.0,97.0,96.0,74.0,73.0,92.0,120.0,104.0,100.0,103.0,92.0,94.0,100.0,107.0,115.0,91.0,90.0,67.0,88.0,53.0,,93.0,88.0,93.0,83.0,101.0
20170324,11,PM2.5,49.0,53.0,54.0,50.0,50.0,58.0,48.0,74.0,68.0,44.0,72.0,60.0,50.0,59.0,65.0,67.0,62.0,53.0,55.0,67.0,37.0,58.0,25.0,62.0,21.0,44.0,64.0,74.0,75.0,65.0,49.0,,53.0,53.0,64.0
20170325,11,PM2.5,38.0,41.0,33.0,43.0,43.0,36.0,40.0,59.0,42.0,67.0,,58.0,71.0,,61.0,66.0,54.0,21.0,28.0,82.0,45.0,40.0,43.0,20.0,25.0,,68.0,72.0,90.0,70.0,30.0,36.0,39.0,46.0,52.0
20170326,11,PM2.5,13.0,15.0,13.0,11.0,13.0,6.0,11.0,17.0,15.0,16.0,,9.0,6.0,10.0,14.0,14.0,8.0,17.0,13.0,13.0,11.0,10.0,18.0,10.0,18.0,,10.0,12.0,25.0,15.0,16.0,13.0,14.0,22.0,
20170327,11,PM2.5,10.0,23.0,12.0,19.0,7.0,9.0,11.0,22.0,8.0,12.0,9.0,9.0,11.0,7.0,13.0,20.0,9.0,4.0,11.0,8.0,15.0,8.0,15.0,5.0,15.0,,,10.0,3.0,13.0,25.0,14.0,13.0,12.0,10.0
20170328,11,PM2.5,55.0,48.0,64.0,52.0,72.0,56.0,73.0,81.0,71.0,49.0,56.0,80.0,42.0,45.0,,,90.0,74.0,81.0,80.0,70.0,62.0,36.0,72.0,35.0,,70.0,38.0,42.0,52.0,51.0,52.0,91.0,59.0,62.0
20170329,11,PM2.5,159.0,166.0,,,147.0,148.0,143.0,141.0,125.0,175.0,164.0,132.0,161.0,153.0,180.0,185.0,170.0,108.0,128.0,166.0,144.0,125.0,57.0,87.0,53.0,,155.0,147.0,170.0,162.0,164.0,170.0,146.0,178.0,154.0
20170330,11,PM2.5,81.0,68.0,85.0,78.0,81.0,74.0,85.0,109.0,88.0,106.0,145.0,119.0,,114.0,77.0,96.0,53.0,87.0,130.0,36.0,44.0,18.0,90.0,98.0,82.0,21.0,31.0,65.0,186.0,183.0,74.0,75.0,85.0,90.0,79.0
20170331,11,PM2.5,5.0,11.0,9.0,7.0,3.0,8.0,8.0,10.0,8.0,3.0,15.0,8.0,11.0,9.0,9.0,21.0,7.0,11.0,13.0,14.0,8.0,,20.0,12.0,19.0,9.0,21.0,17.0,4.0,15.0,7.0,13.0,12.0,,10.0
20170401,11,PM2.5,15.0,11.0,23.0,9.0,18.0,9.0,18.0,22.0,13.0,12.0,18.0,14.0,17.0,13.0,14.0,24.0,14.0,10.0,12.0,14.0,11.0,,25.0,10.0,12.0,8.0,10.0,15.0,14.0,29.0,5.0,18.0,12.0,,15.0
20170402,11,PM2.5,73.0,71.0,76.0,69.0,66.0,70.0,71.0,87.0,77.0,79.0,92.0,73.0,55.0,67.0,74.0,74.0,51.0,84.0,86.0,67.0,61.0,61.0,68.0,81.0,40.0,53.0,60.0,63.0,60.0,68.0,69.0,73.0,76.0,,68.0
20170403,11,PM2.5,241.0,221.0,234.0,222.0,245.0,247.0,227.0,244.0,181.0,219.0,220.0,200.0,145.0,212.0,276.0,261.0,128.0,225.0,151.0,162.0,136.0,95.0,81.0,144.0,97.0,62.0,169.0,220.0,231.0,159.0,245.0,240.0,250.0,261.0,262.0
20170404,11,PM2.5,190.0,211.0,,195.0,195.0,199.0,166.0,205.0,156.0,195.0,231.0,176.0,162.0,207.0,225.0,210.0,176.0,184.0,171.0,110.0,168.0,166.0,124.0,171.0,120.0,138.0,127.0,196.0,173.0,156.0,205.0,207.0,189.0,217.0,203.0
20170405,11,PM2.5,44.0,39.0,51.0,,48.0,39.0,40.0,77.0,38.0,50.0,61.0,55.0,44.0,39.0,53.0,82.0,54.0,71.0,53.0,93.0,76.0,73.0,110.0,63.0,125.0,63.0,112.0,84.0,77.0,65.0,45.0,47.0,47.0,43.0,46.0
20170406,11,PM2.5,118.0,119.0,128.0,117.0,120.0,119.0,119.0,126.0,125.0,123.0,,126.0,109.0,113.0,142.0,144.0,102.0,119.0,134.0,111.0,110.0,91.0,100.0,115.0,67.0,92.0,120.0,129.0,147.0,123.0,124.0,120.0,122.0,136.0,129.0
20170407,11,PM2.5,65.0,49.0,63.0,60.0,61.0,59.0,52.0,,48.0,58.0,66.0,55.0,48.0,49.0,73.0,81.0,61.0,56.0,63.0,61.0,59.0,54.0,62.0,54.0,70.0,43.0,,74.0,,56.0,62.0,61.0,56.0,69.0,68.0
20170408,11,PM2.5,65.0,51.0,,54.0,67.0,68.0,50.0,59.0,60.0,60.0,64.0,59.0,66.0,,55.0,75.0,19.0,97.0,67.0,89.0,25.0,23.0,11.0,95.0,8.0,8.0,22.0,56.0,67.0,80.0,65.0,59.0,65.0,62.0,77.0
20170409,11,PM2.5,63.0,65.0,,81.0,57.0,44.0,64.0,42.0,62.0,114.0,111.0,87.0,108.0,87.0,94.0,57.0,46.0,32.0,81.0,38.0,26.0,30.0,13.0,21.0,12.0,14.0,16.0,44.0,68.0,125.0,70.0,85.0,51.0,95.0,63.0
20170410,11,PM2.5,92.0,80.0,85.0,93.0,76.0,81.0,85.0,78.0,82.0,95.0,,94.0,69.0,69.0,80.0,89.0,81.0,77.0,92.0,85.0,80.0,77.0,66.0,77.0,,67.0,100.0,58.0,40.0,75.0,93.0,89.0,81.0,96.0,90.0
20170411,11,PM2.5,,13.0,6.0,19.0,3.0,16.0,8.0,6.0,4.0,38.0,10.0,16.0,8.0,3.0,,40.0,3.0,5.0,12.0,,3.0,6.0,3.0,5.0,9.0,3.0,13.0,3.0,3.0,9.0,8.0,3.0,12.0,27.0,15.0
20170412,11,PM2.5,30.0,36.0,35.0,39.0,27.0,53.0,27.0,62.0,9.0,38.0,18.0,32.0,,28.0,74.0,116.0,24.0,13.0,29.0,,24.0,23.0,33.0,18.0,31.0,16.0,41.0,21.0,41.0,16.0,27.0,21.0,33.0,71.0,50.0
20170413,11,PM2.5,48.0,48.0,65.0,51.0,48.0,42.0,46.0,42.0,41.0,68.0,62.0,62.0,169.0,43.0,56.0,90.0,45.0,35.0,52.0,48.0,41.0,51.0,449.0,34.0,79.0,50.0,52.0,60.0,55.0,51.0,48.0,42.0,46.0,71.0,49.0
20170414,11,PM2.5,70.0,74.0,71.0,61.0,76.0,,73.0,89.0,46.0,89.0,82.0,102.0,74.0,,,,53.0,86.0,51.0,,,,29.0,,25.0,62.0,54.0,91.0,32.0,69.0,63.0,75.0,71.0,,83.0
20170415,11,PM2.5,45.0,27.0,38.0,25.0,39.0,43.0,23.0,29.0,31.0,47.0,58.0,41.0,68.0,37.0,53.0,25.0,28.0,30.0,15.0,32.0,22.0,39.0,28.0,23.0,23.0,12.0,33.0,,,28.0,,25.0,23.0,66.0,22.0
20170416,11,PM2.5,146.0,152.0,122.0,131.0,119.0,137.0,127.0,87.0,63.0,116.0,91.0,82.0,84.0,107.0,153.0,155.0,93.0,44.0,61.0,87.0,54.0,26.0,49.0,34.0,29.0,22.0,117.0,149.0,,71.0,124.0,124.0,116.0,132.0,131.0
20170417,11,PM2.5,191.0,196.0,173.0,184.0,166.0,197.0,184.0,171.0,281.0,202.0,210.0,226.0,181.0,180.0,231.0,226.0,186.0,163.0,242.0,146.0,189.0,157.0,71.0,113.0,87.0,164.0,159.0,208.0,187.0,206.0,214.0,209.0,184.0,217.0,227.0
20170418,11,PM2.5,28.0,17.0,28.0,12.0,42.0,19.0,18.0,14.0,28.0,17.0,,24.0,35.0,15.0,14.0,28.0,4.0,26.0,41.0,12.0,37.0,,16.0,14.0,37.0,3.0,,20.0,13.0,8.0,,11.0,24.0,,13.0
20170419,11,PM2.5,62.0,31.0,42.0,27.0,46.0,34.0,34.0,34.0,31.0,42.0,50.0,,38.0,41.0,53.0,54.0,37.0,34.0,,28.0,26.0,36.0,42.0,36.0,41.0,34.0,43.0,59.0,34.0,47.0,62.0,40.0,45.0,48.0,37.0
20170420,11,PM2.5,50.0,,18.0,31.0,121.0,,43.0,48.0,16.0,53.0,22.0,27.0,37.0,75.0,64.0,81.0,15.0,37.0,10.0,30.0,55.0,35.0,23.0,14.0,20.0,22.0,35.0,86.0,25.0,31.0,31.0,28.0,27.0,,32.0
20170422,11,PM2.5,73.0,70.0,53.0,46.0,73.0,77.0,61.0,48.0,35.0,63.0,56.0,46.0,39.0,54.0,115.0,83.0,61.0,64.0,61.0,63.0,45.0,42.0,36.0,19.0,20.0,32.0,55.0,53.0,59.0,48.0,,47.0,46.0,66.0,60.0
20170424,11,PM2.5,19.0,32.0,27.0,13.0,10.0,63.0,25.0,,13.0,41.0,12.0,27.0,23.0,31.0,26.0,46.0,29.0,41.0,12.0,20.0,40.0,22.0,7.0,23.0,40.0,14.0,14.0,35.0,112.0,64.0,19.0,14.0,14.0,,41.0
20170425,11,PM2.5,5.0,12.0,4.0,15.0,,6.0,15.0,47.0,15.0,10.0,11.0,8.0,20.0,7.0,12.0,16.0,15.0,11.0,3.0,11.0,,8.0,5.0,3.0,16.0,3.0,3.0,3.0,10.0,15.0,16.0,6.0,,17.0,39.0
20170426,11,PM2.5,8.0,18.0,3.0,8.0,48.0,3.0,6.0,,16.0,,8.0,19.0,22.0,3.0,14.0,24.0,8.0,3.0,14.0,5.0,7.0,11.0,10.0,14.0,14.0,3.0,18.0,8.0,19.0,15.0,,8.0,13.0,,8.0
20170427,11,PM2.5,12.0,20.0,,19.0,20.0,3.0,14.0,13.0,7.0,3.0,,10.0,16.0,21.0,16.0,25.0,8.0,16.0,4.0,20.0,9.0,7.0,14.0,,,65.0,13.0,17.0,64.0,35.0,9.0,11.0,8.0,17.0,12.0
20170428,11,PM2.5,15.0,15.0,12.0,100.0,,23.0,18.0,33.0,20.0,21.0,25.0,12.0,22.0,13.0,21.0,33.0,23.0,4.0,19.0,48.0,19.0,31.0,19.0,12.0,20.0,17.0,21.0,22.0,,15.0,18.0,13.0,,26.0,14.0
20170429,11,PM2.5,27.0,25.0,29.0,50.0,3.0,25.0,19.0,31.0,25.0,45.0,20.0,26.0,49.0,41.0,35.0,,27.0,29.0,28.0,60.0,38.0,30.0,37.0,15.0,25.0,26.0,29.0,27.0,37.0,27.0,31.0,34.0,103.0,34.0,27.0
20170430,11,PM2.5,65.0,85.0,58.0,50.0,,57.0,64.0,78.0,58.0,79.0,67.0,60.0,88.0,61.0,98.0,106.0,55.0,34.0,81.0,79.0,59.0,75.0,36.0,50.0,37.0,50.0,62.0,60.0,158.0,60.0,67.0,53.0,60.0,69.0,57.0
20170501,11,PM2.5,51.0,59.0,112.0,157.0,27.0,55.0,105.0,69.0,77.0,59.0,28.0,59.0,45.0,34.0,40.0,49.0,32.0,35.0,35.0,33.0,22.0,45.0,33.0,42.0,29.0,53.0,36.0,51.0,51.0,36.0,46.0,41.0,55.0,41.0,54.0
20170502,11,PM2.5,56.0,44.0,57.0,,21.0,44.0,63.0,59.0,30.0,53.0,45.0,41.0,62.0,67.0,61.0,,56.0,36.0,45.0,47.0,49.0,37.0,,45.0,40.0,28.0,50.0,93.0,74.0,46.0,58.0,85.0,43.0,59.0,63.0
20170503,11,PM2.5,132.0,68.0,132.0,72.0,121.0,94.0,148.0,123.0,101.0,67.0,83.0,129.0,59.0,59.0,57.0,78.0,95.0,121.0,129.0,73.0,119.0,94.0,,112.0,92.0,110.0,69.0,77.0,35.0,49.0,96.0,78.0,116.0,107.0,104.0
20170504,11,PM2.5,608.0,426.0,452.0,637.0,518.0,520.0,568.0,467.0,415.0,448.0,,490.0,459.0,510.0,,586.0,532.0,505.0,511.0,584.0,517.0,452.0,394.0,453.0,544.0,550.0,455.0,685.0,473.0,,579.0,459.0,435.0,442.0,537.0
20170505,11,PM2.5,45.0,160.0,124.0,90.0,97.0,138.0,71.0,54.0,38.0,117.0,46.0,107.0,140.0,152.0,90.0,92.0,,67.0,100.0,84.0,108.0,,48.0,60.0,56.0,,43.0,44.0,1004.0,56.0,72.0,35.0,23.0,33.0,82.0
20170506,11,PM2.5,42.0,28.0,25.0,46.0,69.0,13.0,40.0,46.0,30.0,49.0,36.0,26.0,40.0,13.0,,64.0,87.0,46.0,41.0,54.0,15.0,29.0,19.0,43.0,34.0,,27.0,53.0,101.0,85.0,60.0,24.0,36.0,,36.0
20170507,11,PM2.5,15.0,11.0,29.0,17.0,19.0,17.0,68.0,52.0,34.0,52.0,,,44.0,60.0,,61.0,34.0,46.0,48.0,30.0,21.0,19.0,57.0,35.0,32.0,,21.0,32.0,102.0,52.0,51.0,47.0,34.0,50.0,54.0
20170508,11,PM2.5,52.0,60.0,48.0,54.0,46.0,44.0,55.0,114.0,46.0,75.0,,73.0,73.0,83.0,84.0,104.0,31.0,83.0,52.0,74.0,34.0,74.0,50.0,65.0,77.0,,101.0,110.0,100.0,74.0,84.0,63.0,50.0,140.0,57.0
20170509,11,PM2.5,60.0,56.0,88.0,64.0,52.0,64.0,117.0,92.0,100.0,66.0,,71.0,59.0,49.0,,,51.0,64.0,,59.0,68.0,87.0,51.0,65.0,,57.0,95.0,62.0,59.0,60.0,61.0,,87.0,,
20170510,11,PM2.5,52.0,50.0,52.0,32.0,46.0,43.0,62.0,,37.0,47.0,45.0,67.0,66.0,53.0,48.0,55.0,72.0,45.0,46.0,65.0,53.0,50.0,42.0,,44.0,61.0,68.0,68.0,63.0,74.0,47.0,24.0,66.0,21.0,51.0
20170511,11,PM2.5,66.0,45.0,48.0,57.0,89.0,74.0,,72.0,45.0,48.0,46.0,65.0,49.0,36.0,52.0,28.0,38.0,80.0,50.0,25.0,33.0,22.0,35.0,32.0,78.0,42.0,27.0,41.0,35.0,19.0,56.0,55.0,65.0,50.0,40.0
20170512,11,PM2.5,50.0,64.0,49.0,61.0,40.0,63.0,57.0,43.0,32.0,46.0,47.0,,64.0,65.0,94.0,60.0,61.0,48.0,45.0,54.0,66.0,57.0,34.0,33.0,22.0,89.0,53.0,85.0,134.0,28.0,37.0,51.0,39.0,62.0,56.0
20170513,11,PM2.5,17.0,13.0,16.0,24.0,23.0,20.0,24.0,64.0,11.0,12.0,33.0,11.0,15.0,25.0,14.0,7.0,6.0,24.0,24.0,20.0,22.0,18.0,25.0,16.0,22.0,32.0,10.0,11.0,10.0,39.0,13.0,22.0,18.0,19.0,21.0
20170514,11,PM2.5,23.0,18.0,25.0,15.0,15.0,21.0,7.0,20.0,7.0,14.0,13.0,17.0,19.0,18.0,23.0,13.0,17.0,13.0,13.0,6.0,21.0,21.0,26.0,12.0,16.0,30.0,10.0,12.0,25.0,33.0,10.0,7.0,18.0,29.0,12.0
20170515,11,PM2.5,49.0,34.0,33.0,44.0,31.0,43.0,37.0,45.0,34.0,42.0,51.0,49.0,32.0,39.0,35.0,49.0,31.0,33.0,35.0,39.0,14.0,17.0,23.0,26.0,6.0,29.0,38.0,65.0,32.0,39.0,36.0,43.0,22.0,39.0,39.0
20170516,11,PM2.5,71.0,65.0,69.0,59.0,59.0,62.0,68.0,59.0,43.0,60.0,61.0,59.0,60.0,71.0,61.0,52.0,73.0,53.0,64.0,62.0,51.0,58.0,36.0,33.0,45.0,55.0,53.0,74.0,72.0,51.0,41.0,63.0,104.0,70.0,72.0
20170517,11,PM2.5,95.0,96.0,138.0,82.0,88.0,,81.0,67.0,50.0,84.0,78.0,79.0,90.0,90.0,81.0,86.0,76.0,58.0,74.0,85.0,76.0,62.0,55.0,53.0,43.0,118.0,67.0,72.0,62.0,,74.0,91.0,103.0,103.0,117.0
20170518,11,PM2.5,125.0,142.0,82.0,112.0,119.0,120.0,104.0,116.0,68.0,114.0,104.0,95.0,104.0,160.0,131.0,126.0,118.0,82.0,88.0,101.0,101.0,82.0,83.0,88.0,69.0,,80.0,102.0,114.0,92.0,107.0,130.0,13.0,134.0,139.0
20170529,11,PM2.5,20.0,24.0,19.0,17.0,21.0,18.0,26.0,26.0,21.0,16.0,21.0,24.0,32.0,23.0,20.0,22.0,15.0,31.0,32.0,11.0,9.0,11.0,15.0,22.0,48.0,14.0,13.0,,22.0,21.0,25.0,17.0,31.0,30.0,27.0
20170601,11,PM2.5,19.0,18.0,17.0,6.0,17.0,15.0,17.0,15.0,3.0,25.0,11.0,17.0,35.0,18.0,17.0,23.0,16.0,22.0,25.0,27.0,15.0,17.0,31.0,16.0,14.0,,9.0,,24.0,23.0,22.0,21.0,22.0,38.0,21.0
20170602,11,PM2.5,19.0,28.0,18.0,26.0,,25.0,33.0,,18.0,34.0,35.0,35.0,34.0,24.0,26.0,24.0,33.0,13.0,26.0,37.0,,15.0,25.0,25.0,37.0,3.0,15.0,,30.0,34.0,27.0,25.0,33.0,33.0,
20170603,11,PM2.5,45.0,42.0,54.0,56.0,43.0,59.0,49.0,49.0,20.0,52.0,48.0,52.0,48.0,40.0,46.0,49.0,33.0,43.0,44.0,29.0,27.0,21.0,50.0,40.0,44.0,6.0,23.0,,32.0,38.0,57.0,48.0,55.0,60.0,
20170604,11,PM2.5,86.0,64.0,69.0,72.0,61.0,,65.0,42.0,24.0,62.0,71.0,62.0,63.0,55.0,62.0,71.0,72.0,37.0,55.0,69.0,60.0,54.0,46.0,41.0,33.0,59.0,65.0,,54.0,,72.0,66.0,69.0,75.0,
20170605,11,PM2.5,100.0,95.0,102.0,114.0,89.0,102.0,96.0,91.0,40.0,105.0,87.0,97.0,79.0,81.0,94.0,85.0,87.0,79.0,86.0,72.0,64.0,47.0,51.0,72.0,53.0,31.0,67.0,,107.0,,92.0,99.0,103.0,241.0,
20170606,11,PM2.5,34.0,40.0,41.0,45.0,29.0,33.0,41.0,34.0,31.0,65.0,56.0,60.0,44.0,66.0,57.0,34.0,30.0,27.0,39.0,38.0,30.0,23.0,17.0,19.0,24.0,52.0,34.0,28.0,51.0,,45.0,50.0,40.0,56.0,
20170607,11,PM2.5,76.0,74.0,76.0,79.0,66.0,82.0,80.0,83.0,44.0,74.0,96.0,71.0,63.0,79.0,91.0,83.0,77.0,87.0,79.0,49.0,52.0,35.0,32.0,77.0,14.0,64.0,66.0,81.0,66.0,,82.0,79.0,84.0,88.0,
20170608,11,PM2.5,26.0,30.0,28.0,22.0,24.0,27.0,8.0,31.0,8.0,34.0,33.0,38.0,25.0,32.0,44.0,38.0,38.0,33.0,26.0,55.0,17.0,22.0,16.0,23.0,,41.0,34.0,84.0,45.0,,37.0,38.0,,42.0,
20170609,11,PM2.5,33.0,37.0,22.0,45.0,29.0,30.0,34.0,32.0,,24.0,53.0,29.0,24.0,36.0,33.0,35.0,31.0,25.0,31.0,48.0,15.0,30.0,23.0,29.0,24.0,37.0,39.0,32.0,53.0,,46.0,42.0,32.0,,
20170610,11,PM2.5,17.0,10.0,20.0,28.0,20.0,21.0,16.0,15.0,,16.0,12.0,27.0,26.0,23.0,15.0,21.0,31.0,16.0,35.0,37.0,,18.0,25.0,15.0,17.0,3.0,11.0,20.0,11.0,,22.0,20.0,11.0,,
20170611,11,PM2.5,56.0,20.0,38.0,21.0,22.0,69.0,49.0,44.0,,41.0,47.0,50.0,27.0,16.0,19.0,39.0,29.0,31.0,39.0,54.0,28.0,16.0,30.0,20.0,43.0,12.0,11.0,14.0,23.0,,21.0,25.0,32.0,,
20170612,11,PM2.5,43.0,28.0,33.0,29.0,23.0,58.0,32.0,,,36.0,38.0,50.0,61.0,29.0,43.0,49.0,25.0,26.0,50.0,,21.0,25.0,40.0,83.0,37.0,14.0,28.0,32.0,35.0,,31.0,29.0,,,
20170613,11,PM2.5,49.0,40.0,44.0,35.0,51.0,48.0,44.0,47.0,,30.0,49.0,41.0,41.0,28.0,32.0,31.0,60.0,43.0,44.0,62.0,47.0,33.0,49.0,51.0,50.0,40.0,58.0,40.0,32.0,,41.0,41.0,,,
20170614,11,PM2.5,51.0,46.0,40.0,38.0,39.0,54.0,49.0,37.0,3.0,41.0,43.0,44.0,45.0,38.0,42.0,66.0,40.0,36.0,38.0,32.0,33.0,32.0,80.0,,56.0,43.0,32.0,52.0,45.0,,45.0,41.0,57.0,,
20170615,11,PM2.5,42.0,49.0,34.0,38.0,28.0,33.0,38.0,23.0,,47.0,32.0,46.0,43.0,45.0,55.0,105.0,33.0,34.0,26.0,69.0,22.0,29.0,39.0,34.0,45.0,43.0,41.0,52.0,62.0,,32.0,63.0,41.0,77.0,
20170616,11,PM2.5,69.0,72.0,66.0,84.0,64.0,72.0,70.0,85.0,,77.0,71.0,,95.0,82.0,81.0,95.0,,82.0,68.0,107.0,74.0,59.0,43.0,72.0,26.0,96.0,80.0,79.0,71.0,,77.0,94.0,78.0,87.0,
20170617,11,PM2.5,65.0,69.0,73.0,73.0,62.0,61.0,81.0,,45.0,90.0,88.0,82.0,76.0,65.0,70.0,,57.0,82.0,85.0,67.0,83.0,69.0,73.0,82.0,77.0,78.0,53.0,58.0,54.0,,79.0,81.0,80.0,84.0,
20170618,11,PM2.5,73.0,75.0,81.0,67.0,75.0,76.0,77.0,109.0,91.0,85.0,85.0,87.0,71.0,75.0,75.0,65.0,62.0,97.0,98.0,70.0,70.0,76.0,94.0,93.0,80.0,93.0,68.0,50.0,64.0,,73.0,77.0,88.0,82.0,
20170619,11,PM2.5,28.0,39.0,19.0,28.0,19.0,40.0,20.0,,31.0,24.0,25.0,30.0,16.0,35.0,47.0,49.0,36.0,25.0,32.0,49.0,22.0,21.0,38.0,36.0,28.0,53.0,76.0,102.0,71.0,,32.0,48.0,30.0,43.0,
20170620,11,PM2.5,20.0,20.0,23.0,,21.0,20.0,19.0,25.0,26.0,21.0,16.0,,48.0,19.0,20.0,21.0,17.0,34.0,22.0,28.0,24.0,,58.0,38.0,60.0,,23.0,21.0,30.0,,28.0,12.0,26.0,26.0,
20170621,11,PM2.5,50.0,51.0,50.0,,39.0,39.0,50.0,68.0,56.0,65.0,54.0,57.0,47.0,54.0,49.0,43.0,43.0,61.0,61.0,39.0,52.0,48.0,50.0,62.0,66.0,43.0,24.0,32.0,57.0,,60.0,55.0,49.0,68.0,
20170622,11,PM2.5,24.0,27.0,23.0,32.0,26.0,26.0,27.0,22.0,33.0,30.0,27.0,31.0,21.0,21.0,21.0,30.0,,30.0,31.0,29.0,21.0,19.0,13.0,39.0,12.0,53.0,29.0,41.0,31.0,,40.0,29.0,29.0,35.0,
20170623,11,PM2.5,17.0,18.0,13.0,20.0,13.0,19.0,12.0,3.0,8.0,15.0,5.0,11.0,3.0,10.0,20.0,30.0,6.0,3.0,4.0,27.0,4.0,11.0,,8.0,6.0,63.0,28.0,14.0,8.0,,21.0,19.0,10.0,18.0,
20170624,11,PM2.5,15.0,,23.0,12.0,14.0,22.0,8.0,17.0,16.0,17.0,13.0,14.0,11.0,18.0,17.0,25.0,16.0,13.0,9.0,29.0,15.0,16.0,26.0,7.0,10.0,13.0,37.0,34.0,13.0,,13.0,20.0,18.0,23.0,
20170625,11,PM2.5,31.0,34.0,30.0,33.0,28.0,33.0,27.0,,26.0,32.0,33.0,27.0,28.0,36.0,47.0,42.0,16.0,36.0,28.0,41.0,10.0,14.0,43.0,45.0,37.0,14.0,28.0,48.0,28.0,,54.0,33.0,34.0,42.0,
20170626,11,PM2.5,15.0,,30.0,20.0,17.0,21.0,22.0,33.0,8.0,12.0,18.0,18.0,16.0,11.0,17.0,,10.0,24.0,21.0,,16.0,17.0,39.0,12.0,49.0,16.0,16.0,26.0,24.0,,20.0,22.0,24.0,27.0,
20170627,11,PM2.5,122.0,117.0,123.0,119.0,121.0,129.0,133.0,,100.0,113.0,115.0,115.0,104.0,112.0,148.0,164.0,136.0,115.0,101.0,98.0,84.0,97.0,73.0,97.0,71.0,84.0,93.0,125.0,103.0,,156.0,128.0,132.0,140.0,
20170628,11,PM2.5,114.0,125.0,131.0,141.0,117.0,123.0,131.0,125.0,97.0,117.0,111.0,99.0,101.0,123.0,140.0,132.0,115.0,114.0,87.0,104.0,91.0,101.0,55.0,102.0,65.0,83.0,93.0,127.0,119.0,,178.0,137.0,148.0,151.0,
20170629,11,PM2.5,98.0,95.0,43.0,95.0,32.0,106.0,39.0,,31.0,59.0,,42.0,32.0,58.0,85.0,120.0,143.0,34.0,25.0,117.0,103.0,120.0,30.0,18.0,21.0,148.0,104.0,101.0,21.0,,97.0,96.0,40.0,103.0,
20170630,11,PM2.5,88.0,88.0,100.0,110.0,91.0,82.0,89.0,92.0,75.0,98.0,92.0,95.0,78.0,71.0,84.0,86.0,84.0,74.0,105.0,71.0,85.0,69.0,93.0,78.0,90.0,64.0,72.0,91.0,88.0,,91.0,98.0,109.0,105.0,
20170701,11,PM2.5,105.0,107.0,112.0,121.0,103.0,82.0,101.0,107.0,88.0,115.0,108.0,107.0,93.0,100.0,120.0,113.0,103.0,96.0,105.0,89.0,91.0,79.0,89.0,98.0,105.0,60.0,90.0,99.0,92.0,,111.0,122.0,121.0,131.0,
20170710,11,PM2.5,28.0,,25.0,34.0,18.0,24.0,20.0,28.0,13.0,,15.0,22.0,20.0,31.0,32.0,29.0,27.0,14.0,8.0,23.0,29.0,19.0,,13.0,21.0,25.0,30.0,37.0,23.0,,30.0,31.0,,36.0,
20170711,11,PM2.5,54.0,54.0,48.0,44.0,45.0,72.0,40.0,29.0,27.0,,39.0,32.0,29.0,41.0,80.0,88.0,33.0,30.0,,46.0,19.0,14.0,,22.0,12.0,13.0,66.0,104.0,,,56.0,57.0,54.0,,
20170712,11,PM2.5,48.0,40.0,66.0,44.0,126.0,45.0,164.0,150.0,157.0,,,151.0,48.0,35.0,45.0,74.0,72.0,109.0,126.0,40.0,63.0,33.0,77.0,109.0,,48.0,38.0,37.0,,,47.0,49.0,,54.0,
20170713,11,PM2.5,69.0,62.0,69.0,126.0,,65.0,67.0,93.0,67.0,141.0,71.0,,62.0,49.0,62.0,,68.0,73.0,76.0,63.0,69.0,54.0,93.0,79.0,104.0,62.0,64.0,66.0,,,72.0,72.0,68.0,76.0,
20170714,11,PM2.5,18.0,,22.0,21.0,16.0,17.0,21.0,21.0,3.0,50.0,27.0,28.0,31.0,49.0,35.0,,31.0,18.0,14.0,30.0,26.0,15.0,31.0,20.0,39.0,20.0,20.0,29.0,31.0,,30.0,28.0,24.0,32.0,
20170715,11,PM2.5,35.0,30.0,37.0,32.0,30.0,36.0,165.0,36.0,19.0,51.0,41.0,,29.0,25.0,24.0,,33.0,,42.0,36.0,19.0,,21.0,44.0,27.0,19.0,44.0,28.0,,,44.0,37.0,38.0,40.0,
20170716,11,PM2.5,95.0,100.0,90.0,96.0,90.0,104.0,87.0,52.0,63.0,118.0,90.0,75.0,81.0,69.0,109.0,,147.0,77.0,69.0,111.0,91.0,82.0,39.0,67.0,29.0,36.0,135.0,95.0,64.0,,103.0,100.0,102.0,104.0,
20170717,11,PM2.5,56.0,,59.0,58.0,52.0,60.0,53.0,75.0,68.0,37.0,,66.0,31.0,20.0,36.0,,49.0,63.0,85.0,71.0,43.0,60.0,82.0,68.0,85.0,59.0,102.0,23.0,12.0,,61.0,55.0,56.0,60.0,
20170718,11,PM2.5,74.0,77.0,68.0,74.0,54.0,71.0,65.0,95.0,78.0,64.0,60.0,64.0,53.0,47.0,62.0,,74.0,74.0,75.0,66.0,70.0,55.0,,82.0,60.0,69.0,69.0,74.0,63.0,,73.0,84.0,71.0,87.0,
20170719,11,PM2.5,84.0,91.0,97.0,97.0,,79.0,111.0,99.0,105.0,103.0,104.0,107.0,85.0,71.0,65.0,,63.0,95.0,117.0,63.0,90.0,,,98.0,72.0,79.0,76.0,66.0,64.0,,103.0,93.0,97.0,,
20170720,11,PM2.5,88.0,95.0,104.0,96.0,86.0,95.0,86.0,,91.0,97.0,92.0,101.0,75.0,85.0,111.0,,133.0,115.0,95.0,97.0,138.0,72.0,95.0,113.0,94.0,93.0,100.0,128.0,114.0,,92.0,99.0,,,
20170721,11,PM2.5,8.0,10.0,11.0,8.0,10.0,10.0,,8.0,3.0,3.0,10.0,10.0,5.0,3.0,7.0,,10.0,13.0,7.0,13.0,12.0,3.0,8.0,10.0,9.0,8.0,15.0,5.0,,,13.0,8.0,15.0,,
20170722,11,PM2.5,31.0,30.0,32.0,25.0,38.0,36.0,30.0,28.0,8.0,4.0,17.0,26.0,20.0,16.0,22.0,,18.0,17.0,15.0,40.0,18.0,10.0,10.0,18.0,16.0,7.0,23.0,41.0,,,36.0,28.0,37.0,,
20170723,11,PM2.5,41.0,53.0,43.0,52.0,30.0,34.0,38.0,37.0,30.0,8.0,60.0,51.0,66.0,79.0,76.0,,27.0,55.0,46.0,35.0,26.0,20.0,22.0,31.0,29.0,23.0,32.0,80.0,,,51.0,54.0,38.0,,
20170724,11,PM2.5,34.0,46.0,64.0,64.0,27.0,31.0,56.0,52.0,,54.0,60.0,79.0,62.0,,90.0,,23.0,60.0,71.0,41.0,13.0,24.0,45.0,61.0,68.0,17.0,48.0,88.0,19.0,,46.0,55.0,50.0,,
20170725,11,PM2.5,44.0,38.0,39.0,34.0,42.0,54.0,35.0,30.0,32.0,30.0,26.0,,15.0,20.0,43.0,,51.0,20.0,28.0,29.0,31.0,25.0,18.0,22.0,24.0,28.0,30.0,70.0,17.0,,43.0,43.0,49.0,,
20170726,11,PM2.5,28.0,32.0,28.0,33.0,21.0,28.0,29.0,14.0,,,21.0,24.0,19.0,15.0,29.0,,20.0,,17.0,13.0,12.0,3.0,11.0,10.0,,8.0,13.0,21.0,30.0,,29.0,29.0,31.0,,
20170727,11,PM2.5,,42.0,45.0,44.0,37.0,37.0,39.0,41.0,27.0,9.0,,46.0,40.0,49.0,46.0,,26.0,43.0,39.0,47.0,,24.0,47.0,28.0,55.0,25.0,41.0,55.0,50.0,,44.0,45.0,46.0,,
20170728,11,PM2.5,25.0,28.0,32.0,28.0,29.0,25.0,26.0,26.0,29.0,27.0,23.0,37.0,23.0,17.0,23.0,,18.0,21.0,,20.0,18.0,16.0,19.0,16.0,14.0,17.0,17.0,42.0,62.0,,33.0,34.0,32.0,,
20170729,11,PM2.5,51.0,60.0,46.0,56.0,44.0,48.0,34.0,31.0,29.0,53.0,54.0,38.0,46.0,46.0,54.0,,44.0,17.0,35.0,74.0,27.0,15.0,26.0,29.0,16.0,26.0,75.0,58.0,26.0,,59.0,62.0,48.0,,
20170730,11,PM2.5,48.0,45.0,43.0,40.0,53.0,41.0,50.0,64.0,37.0,14.0,40.0,43.0,36.0,41.0,47.0,,62.0,55.0,38.0,39.0,49.0,30.0,38.0,45.0,47.0,39.0,36.0,41.0,48.0,,55.0,40.0,56.0,,
20170731,11,PM2.5,108.0,,99.0,91.0,103.0,118.0,91.0,104.0,,71.0,64.0,74.0,57.0,77.0,110.0,,103.0,75.0,63.0,83.0,62.0,70.0,48.0,57.0,54.0,73.0,79.0,108.0,103.0,,96.0,101.0,115.0,,
20170801,11,PM2.5,93.0,89.0,101.0,92.0,94.0,88.0,111.0,119.0,100.0,103.0,115.0,111.0,75.0,64.0,80.0,,64.0,93.0,105.0,56.0,74.0,56.0,69.0,94.0,64.0,64.0,41.0,63.0,74.0,,96.0,92.0,,,
20170802,11,PM2.5,58.0,59.0,58.0,59.0,59.0,53.0,55.0,45.0,51.0,64.0,47.0,47.0,34.0,37.0,,,40.0,44.0,47.0,18.0,40.0,51.0,48.0,49.0,49.0,54.0,22.0,78.0,36.0,,60.0,63.0,65.0,,
20170803,11,PM2.5,29.0,27.0,24.0,24.0,28.0,27.0,16.0,30.0,21.0,26.0,22.0,24.0,20.0,13.0,28.0,,7.0,22.0,27.0,14.0,13.0,,27.0,23.0,,12.0,13.0,21.0,25.0,,35.0,24.0,29.0,,
20170804,11,PM2.5,19.0,20.0,19.0,17.0,12.0,32.0,20.0,11.0,13.0,15.0,13.0,15.0,16.0,27.0,48.0,,33.0,19.0,12.0,28.0,32.0,10.0,18.0,21.0,5.0,32.0,41.0,129.0,80.0,,20.0,22.0,24.0,,
20170805,11,PM2.5,14.0,11.0,17.0,21.0,23.0,24.0,19.0,9.0,9.0,29.0,21.0,20.0,7.0,17.0,21.0,,24.0,29.0,25.0,53.0,13.0,6.0,49.0,18.0,41.0,11.0,28.0,81.0,67.0,,20.0,16.0,21.0,,
20170806,11,PM2.5,22.0,31.0,17.0,21.0,25.0,23.0,18.0,19.0,10.0,16.0,15.0,18.0,28.0,41.0,50.0,,39.0,27.0,13.0,44.0,15.0,,34.0,27.0,22.0,17.0,45.0,,26.0,,29.0,23.0,27.0,,
20170807,11,PM2.5,9.0,5.0,11.0,7.0,8.0,7.0,,11.0,8.0,16.0,3.0,7.0,,13.0,7.0,,14.0,9.0,7.0,6.0,8.0,,15.0,6.0,12.0,3.0,9.0,4.0,8.0,,14.0,8.0,17.0,,
20170808,11,PM2.5,27.0,25.0,30.0,22.0,35.0,26.0,30.0,30.0,32.0,34.0,41.0,26.0,44.0,64.0,,,59.0,20.0,23.0,47.0,40.0,,13.0,12.0,17.0,27.0,66.0,57.0,63.0,,29.0,29.0,31.0,,
20170809,11,PM2.5,21.0,15.0,17.0,9.0,19.0,28.0,16.0,23.0,10.0,11.0,13.0,15.0,15.0,25.0,19.0,,13.0,19.0,13.0,13.0,7.0,10.0,27.0,8.0,,7.0,19.0,23.0,21.0,,25.0,13.0,21.0,,
20170810,11,PM2.5,67.0,82.0,72.0,77.0,60.0,81.0,60.0,39.0,35.0,76.0,65.0,,76.0,107.0,111.0,,96.0,37.0,54.0,80.0,37.0,38.0,38.0,29.0,33.0,35.0,95.0,70.0,75.0,,81.0,93.0,73.0,,
20170811,11,PM2.5,120.0,117.0,131.0,124.0,131.0,127.0,139.0,152.0,140.0,141.0,128.0,147.0,130.0,131.0,,,126.0,127.0,149.0,116.0,116.0,100.0,97.0,133.0,59.0,100.0,119.0,135.0,128.0,,129.0,131.0,145.0,,
20170812,11,PM2.5,27.0,17.0,30.0,31.0,25.0,19.0,27.0,31.0,41.0,23.0,10.0,41.0,12.0,32.0,,,25.0,6.0,33.0,25.0,18.0,19.0,17.0,11.0,32.0,3.0,28.0,20.0,23.0,,37.0,25.0,30.0,,
20170813,11,PM2.5,45.0,55.0,57.0,55.0,46.0,50.0,44.0,49.0,61.0,62.0,57.0,49.0,55.0,59.0,57.0,,45.0,57.0,32.0,81.0,37.0,41.0,43.0,52.0,50.0,42.0,70.0,79.0,60.0,,61.0,57.0,61.0,,
20170814,11,PM2.5,32.0,40.0,29.0,34.0,29.0,34.0,29.0,22.0,31.0,26.0,24.0,30.0,31.0,38.0,34.0,,31.0,16.0,17.0,25.0,21.0,16.0,15.0,16.0,25.0,20.0,28.0,32.0,34.0,,46.0,41.0,37.0,,
20170815,11,PM2.5,63.0,66.0,70.0,69.0,57.0,55.0,63.0,,62.0,75.0,70.0,70.0,57.0,46.0,61.0,,59.0,58.0,64.0,41.0,53.0,42.0,,50.0,48.0,32.0,,17.0,40.0,,71.0,73.0,72.0,,
20170816,11,PM2.5,87.0,89.0,92.0,,87.0,101.0,83.0,,120.0,98.0,97.0,117.0,99.0,93.0,98.0,,96.0,90.0,78.0,68.0,88.0,65.0,,96.0,56.0,74.0,61.0,83.0,85.0,,98.0,93.0,107.0,,
20170817,11,PM2.5,15.0,16.0,15.0,15.0,18.0,14.0,15.0,19.0,21.0,12.0,13.0,13.0,17.0,12.0,19.0,,9.0,14.0,17.0,14.0,7.0,3.0,12.0,13.0,3.0,11.0,13.0,13.0,16.0,,22.0,17.0,20.0,,
20170818,11,PM2.5,79.0,82.0,89.0,97.0,79.0,90.0,73.0,81.0,90.0,100.0,62.0,101.0,79.0,100.0,103.0,,69.0,60.0,67.0,38.0,24.0,20.0,59.0,51.0,47.0,18.0,24.0,73.0,77.0,,84.0,94.0,98.0,,
20170819,11,PM2.5,35.0,35.0,41.0,39.0,25.0,31.0,24.0,69.0,59.0,28.0,34.0,,27.0,29.0,31.0,34.0,24.0,58.0,56.0,21.0,28.0,22.0,36.0,71.0,29.0,24.0,23.0,48.0,63.0,,51.0,38.0,42.0,,
20170820,11,PM2.5,72.0,71.0,87.0,83.0,85.0,71.0,83.0,79.0,88.0,71.0,79.0,89.0,67.0,74.0,76.0,,66.0,71.0,51.0,59.0,47.0,40.0,47.0,88.0,32.0,31.0,51.0,72.0,64.0,,85.0,76.0,102.0,,
20170821,11,PM2.5,96.0,82.0,82.0,86.0,80.0,76.0,55.0,73.0,83.0,86.0,50.0,72.0,52.0,59.0,68.0,,93.0,48.0,60.0,64.0,83.0,72.0,101.0,45.0,57.0,64.0,64.0,78.0,69.0,,99.0,87.0,95.0,,
20170822,11,PM2.5,95.0,85.0,98.0,92.0,88.0,78.0,97.0,130.0,144.0,101.0,110.0,115.0,99.0,81.0,84.0,,102.0,99.0,139.0,71.0,92.0,68.0,98.0,,129.0,66.0,55.0,82.0,92.0,,96.0,93.0,105.0,,
20170823,11,PM2.5,3.0,6.0,6.0,20.0,8.0,8.0,3.0,6.0,3.0,5.0,6.0,5.0,9.0,17.0,10.0,4.0,15.0,11.0,4.0,8.0,6.0,3.0,21.0,6.0,9.0,7.0,5.0,,6.0,,11.0,10.0,11.0,,3.0
20170824,11,PM2.5,3.0,12.0,4.0,14.0,3.0,10.0,3.0,3.0,3.0,11.0,8.0,16.0,19.0,13.0,8.0,3.0,3.0,3.0,9.0,10.0,13.0,3.0,17.0,4.0,,,,,8.0,,8.0,14.0,12.0,,5.0
20170825,11,PM2.5,9.0,7.0,,10.0,14.0,9.0,8.0,,3.0,12.0,,6.0,12.0,9.0,9.0,13.0,9.0,9.0,5.0,11.0,12.0,9.0,41.0,5.0,10.0,,6.0,22.0,17.0,,11.0,9.0,,,6.0
20170826,11,PM2.5,15.0,12.0,14.0,10.0,12.0,10.0,14.0,19.0,7.0,27.0,14.0,11.0,24.0,19.0,9.0,18.0,8.0,14.0,21.0,16.0,3.0,15.0,46.0,10.0,17.0,5.0,13.0,10.0,13.0,,18.0,14.0,17.0,,9.0
20170827,11,PM2.5,16.0,16.0,20.0,14.0,18.0,,15.0,16.0,16.0,21.0,14.0,18.0,17.0,12.0,14.0,23.0,9.0,17.0,19.0,14.0,14.0,12.0,14.0,14.0,8.0,12.0,3.0,16.0,14.0,,13.0,16.0,17.0,,30.0
20170828,11,PM2.5,32.0,29.0,33.0,33.0,28.0,24.0,34.0,24.0,31.0,26.0,27.0,28.0,33.0,36.0,25.0,7.0,7.0,12.0,35.0,9.0,3.0,7.0,28.0,20.0,16.0,7.0,3.0,19.0,32.0,,34.0,32.0,37.0,,23.0
20170829,11,PM2.5,10.0,13.0,23.0,19.0,16.0,22.0,14.0,13.0,13.0,18.0,11.0,16.0,18.0,15.0,19.0,16.0,11.0,19.0,10.0,26.0,10.0,6.0,43.0,7.0,18.0,7.0,25.0,,11.0,,10.0,15.0,26.0,,15.0
20170830,11,PM2.5,76.0,54.0,71.0,74.0,72.0,68.0,71.0,77.0,85.0,78.0,79.0,77.0,71.0,63.0,62.0,,71.0,44.0,67.0,42.0,37.0,53.0,55.0,39.0,46.0,58.0,39.0,34.0,44.0,,70.0,77.0,87.0,,92.0
20170831,11,PM2.5,87.0,73.0,83.0,85.0,,74.0,74.0,98.0,92.0,85.0,88.0,94.0,87.0,80.0,76.0,98.0,70.0,77.0,90.0,75.0,75.0,77.0,97.0,88.0,80.0,58.0,77.0,62.0,88.0,,85.0,83.0,92.0,,116.0
20170901,11,PM2.5,164.0,158.0,,170.0,149.0,155.0,117.0,112.0,123.0,146.0,132.0,138.0,125.0,159.0,159.0,162.0,143.0,104.0,125.0,108.0,131.0,112.0,41.0,101.0,33.0,80.0,,171.0,218.0,,168.0,177.0,158.0,,213.0
20170902,11,PM2.5,156.0,147.0,174.0,161.0,161.0,120.0,162.0,192.0,176.0,176.0,182.0,182.0,156.0,118.0,84.0,80.0,119.0,140.0,164.0,72.0,96.0,97.0,137.0,141.0,133.0,95.0,52.0,41.0,54.0,189.0,157.0,161.0,175.0,,178.0
20170903,11,PM2.5,79.0,,66.0,73.0,69.0,61.0,51.0,,47.0,71.0,56.0,57.0,67.0,68.0,78.0,77.0,79.0,60.0,52.0,55.0,55.0,58.0,46.0,55.0,50.0,44.0,43.0,65.0,79.0,56.0,70.0,68.0,67.0,,75.0
20170904,11,PM2.5,134.0,111.0,105.0,120.0,107.0,110.0,99.0,121.0,115.0,127.0,114.0,102.0,127.0,113.0,114.0,103.0,124.0,117.0,119.0,72.0,125.0,104.0,101.0,113.0,88.0,115.0,79.0,60.0,,115.0,119.0,123.0,116.0,,149.0
20170905,11,PM2.5,18.0,16.0,28.0,24.0,19.0,17.0,24.0,3.0,3.0,22.0,3.0,4.0,8.0,22.0,19.0,14.0,3.0,5.0,11.0,73.0,34.0,56.0,20.0,4.0,6.0,7.0,,44.0,76.0,,14.0,19.0,26.0,,10.0
20170906,11,PM2.5,18.0,10.0,10.0,6.0,16.0,11.0,9.0,11.0,3.0,10.0,6.0,10.0,9.0,7.0,11.0,11.0,6.0,15.0,3.0,9.0,10.0,3.0,16.0,14.0,16.0,8.0,,7.0,14.0,,11.0,11.0,11.0,,6.0
20170907,11,PM2.5,22.0,27.0,28.0,27.0,23.0,22.0,25.0,25.0,12.0,,,18.0,17.0,31.0,38.0,72.0,18.0,26.0,18.0,77.0,15.0,8.0,24.0,25.0,32.0,17.0,,134.0,126.0,24.0,26.0,,34.0,,32.0
20170908,11,PM2.5,170.0,140.0,125.0,144.0,136.0,160.0,97.0,120.0,105.0,,99.0,,107.0,160.0,188.0,194.0,146.0,55.0,36.0,125.0,106.0,97.0,42.0,32.0,36.0,,158.0,164.0,172.0,128.0,144.0,149.0,141.0,,158.0
20170909,11,PM2.5,116.0,102.0,119.0,107.0,101.0,99.0,104.0,119.0,141.0,123.0,,116.0,111.0,106.0,103.0,95.0,,103.0,130.0,88.0,90.0,95.0,111.0,112.0,127.0,95.0,126.0,97.0,,141.0,114.0,108.0,124.0,,77.0
20170910,11,PM2.5,65.0,96.0,106.0,125.0,50.0,48.0,94.0,59.0,92.0,116.0,,91.0,,160.0,166.0,127.0,25.0,29.0,99.0,132.0,,21.0,23.0,43.0,22.0,16.0,,72.0,65.0,167.0,102.0,128.0,84.0,,44.0
20170911,11,PM2.5,5.0,11.0,3.0,3.0,5.0,3.0,5.0,7.0,3.0,3.0,3.0,7.0,10.0,7.0,4.0,10.0,3.0,8.0,,4.0,7.0,3.0,26.0,4.0,12.0,7.0,,6.0,3.0,11.0,3.0,3.0,6.0,,3.0
20170912,11,PM2.5,10.0,8.0,8.0,10.0,13.0,12.0,12.0,12.0,3.0,10.0,14.0,13.0,4.0,5.0,11.0,5.0,9.0,,11.0,26.0,3.0,9.0,9.0,11.0,21.0,5.0,,51.0,31.0,21.0,16.0,13.0,11.0,,8.0
20170913,11,PM2.5,103.0,100.0,85.0,94.0,78.0,95.0,76.0,62.0,66.0,86.0,86.0,94.0,78.0,127.0,119.0,115.0,106.0,72.0,,88.0,32.0,31.0,54.0,56.0,53.0,17.0,76.0,110.0,135.0,,103.0,111.0,87.0,,92.0
20170914,11,PM2.5,109.0,91.0,128.0,112.0,120.0,98.0,107.0,158.0,190.0,129.0,116.0,129.0,97.0,91.0,81.0,83.0,134.0,146.0,148.0,98.0,125.0,110.0,118.0,146.0,130.0,97.0,75.0,45.0,47.0,101.0,105.0,,,,118.0
20170915,11,PM2.5,91.0,75.0,89.0,81.0,97.0,81.0,80.0,78.0,84.0,90.0,79.0,79.0,75.0,65.0,70.0,96.0,103.0,73.0,59.0,85.0,72.0,65.0,69.0,65.0,75.0,49.0,99.0,96.0,76.0,86.0,84.0,85.0,97.0,,92.0
20170916,11,PM2.5,124.0,99.0,120.0,117.0,111.0,121.0,95.0,101.0,111.0,111.0,103.0,107.0,105.0,101.0,116.0,140.0,134.0,85.0,87.0,112.0,120.0,79.0,86.0,70.0,81.0,56.0,93.0,,86.0,94.0,106.0,115.0,121.0,,137.0
20170917,11,PM2.5,8.0,3.0,3.0,5.0,9.0,5.0,3.0,3.0,3.0,3.0,4.0,8.0,3.0,3.0,3.0,5.0,7.0,5.0,7.0,5.0,3.0,4.0,14.0,4.0,11.0,6.0,,3.0,,15.0,12.0,5.0,9.0,,5.0
20170918,11,PM2.5,19.0,17.0,25.0,19.0,15.0,20.0,18.0,20.0,10.0,25.0,15.0,15.0,20.0,32.0,14.0,23.0,13.0,26.0,14.0,17.0,7.0,3.0,34.0,25.0,20.0,10.0,,20.0,50.0,22.0,17.0,25.0,28.0,,
20170919,11,PM2.5,7.0,12.0,11.0,7.0,6.0,9.0,11.0,8.0,7.0,5.0,4.0,17.0,18.0,3.0,9.0,8.0,15.0,7.0,7.0,9.0,10.0,13.0,12.0,3.0,13.0,5.0,,,8.0,9.0,16.0,,17.0,,9.0
20170920,11,PM2.5,12.0,,8.0,9.0,9.0,8.0,5.0,18.0,19.0,,13.0,9.0,9.0,3.0,8.0,17.0,7.0,13.0,5.0,14.0,3.0,20.0,13.0,10.0,16.0,5.0,6.0,3.0,18.0,23.0,10.0,13.0,14.0,,10.0
20170921,11,PM2.5,,74.0,,77.0,74.0,74.0,46.0,54.0,63.0,65.0,54.0,56.0,65.0,86.0,84.0,72.0,61.0,43.0,53.0,48.0,47.0,50.0,55.0,41.0,50.0,24.0,40.0,88.0,73.0,54.0,85.0,79.0,76.0,,
20170922,11,PM2.5,12.0,7.0,11.0,11.0,10.0,17.0,6.0,12.0,3.0,3.0,3.0,6.0,16.0,17.0,7.0,19.0,4.0,6.0,3.0,13.0,3.0,3.0,7.0,3.0,9.0,9.0,6.0,15.0,15.0,43.0,25.0,8.0,9.0,,12.0
20170923,11,PM2.5,55.0,62.0,34.0,61.0,43.0,56.0,26.0,38.0,28.0,42.0,31.0,34.0,,55.0,61.0,63.0,53.0,32.0,34.0,52.0,32.0,60.0,28.0,30.0,26.0,28.0,,60.0,70.0,49.0,55.0,65.0,43.0,,49.0
20170924,11,PM2.5,65.0,55.0,59.0,59.0,71.0,58.0,67.0,73.0,55.0,72.0,43.0,64.0,70.0,63.0,74.0,59.0,48.0,28.0,59.0,111.0,58.0,44.0,93.0,38.0,63.0,46.0,103.0,116.0,112.0,85.0,69.0,62.0,84.0,,67.0
20170925,11,PM2.5,71.0,60.0,57.0,63.0,64.0,64.0,61.0,54.0,54.0,69.0,21.0,55.0,57.0,55.0,65.0,63.0,91.0,50.0,64.0,66.0,55.0,103.0,71.0,52.0,95.0,65.0,65.0,86.0,74.0,67.0,70.0,66.0,74.0,,69.0
20170926,11,PM2.5,12.0,11.0,7.0,9.0,,,4.0,12.0,,11.0,,11.0,11.0,17.0,19.0,3.0,10.0,8.0,12.0,12.0,7.0,10.0,9.0,6.0,19.0,6.0,11.0,3.0,29.0,37.0,15.0,,19.0,,11.0
20170927,11,PM2.5,,23.0,29.0,27.0,25.0,23.0,29.0,22.0,,28.0,27.0,30.0,25.0,24.0,23.0,21.0,16.0,,27.0,26.0,10.0,22.0,30.0,19.0,26.0,18.0,11.0,15.0,31.0,38.0,24.0,30.0,44.0,,22.0
20170928,11,PM2.5,5.0,7.0,3.0,7.0,6.0,3.0,3.0,3.0,5.0,7.0,7.0,3.0,4.0,3.0,3.0,7.0,5.0,3.0,5.0,7.0,3.0,3.0,8.0,12.0,7.0,3.0,3.0,3.0,3.0,8.0,10.0,3.0,4.0,3.0,3.0
20170929,11,PM2.5,50.0,51.0,49.0,43.0,43.0,42.0,31.0,25.0,20.0,43.0,37.0,34.0,41.0,49.0,56.0,63.0,51.0,18.0,24.0,64.0,38.0,35.0,29.0,22.0,18.0,33.0,46.0,56.0,52.0,41.0,50.0,44.0,45.0,43.0,44.0
20170930,11,PM2.5,114.0,133.0,125.0,122.0,94.0,115.0,91.0,110.0,183.0,146.0,121.0,121.0,144.0,157.0,176.0,167.0,98.0,105.0,147.0,140.0,42.0,41.0,70.0,101.0,95.0,30.0,116.0,109.0,130.0,110.0,121.0,133.0,,127.0,135.0
20171001,11,PM2.5,32.0,34.0,28.0,21.0,24.0,48.0,9.0,22.0,12.0,11.0,3.0,22.0,24.0,30.0,51.0,31.0,12.0,14.0,26.0,25.0,61.0,5.0,35.0,10.0,19.0,8.0,38.0,53.0,45.0,110.0,39.0,,,14.0,34.0
20171002,11,PM2.5,9.0,9.0,7.0,12.0,9.0,12.0,6.0,17.0,10.0,6.0,3.0,13.0,12.0,,13.0,14.0,3.0,11.0,18.0,24.0,3.0,3.0,14.0,6.0,5.0,7.0,18.0,3.0,10.0,23.0,10.0,9.0,,4.0,6.0
20171003,11,PM2.5,16.0,11.0,21.0,21.0,19.0,12.0,8.0,23.0,9.0,18.0,3.0,22.0,16.0,21.0,12.0,11.0,6.0,16.0,15.0,20.0,3.0,3.0,27.0,11.0,35.0,3.0,19.0,16.0,20.0,,14.0,17.0,25.0,15.0,11.0
20171004,11,PM2.5,25.0,29.0,23.0,24.0,21.0,28.0,22.0,27.0,27.0,24.0,22.0,26.0,30.0,36.0,40.0,58.0,59.0,20.0,24.0,45.0,10.0,18.0,15.0,16.0,13.0,20.0,,76.0,62.0,29.0,39.0,28.0,,22.0,29.0
20171005,11,PM2.5,60.0,,59.0,64.0,62.0,54.0,61.0,79.0,68.0,70.0,69.0,78.0,75.0,55.0,53.0,45.0,60.0,71.0,95.0,48.0,73.0,53.0,60.0,70.0,63.0,49.0,,41.0,49.0,94.0,68.0,64.0,,54.0,50.0
20171006,11,PM2.5,81.0,83.0,84.0,84.0,92.0,76.0,80.0,100.0,97.0,83.0,82.0,98.0,89.0,63.0,62.0,47.0,73.0,87.0,112.0,44.0,77.0,70.0,96.0,101.0,112.0,62.0,30.0,23.0,73.0,108.0,80.0,86.0,94.0,77.0,70.0
20171007,11,PM2.5,112.0,113.0,117.0,109.0,115.0,124.0,99.0,120.0,118.0,115.0,93.0,113.0,102.0,98.0,124.0,140.0,138.0,109.0,138.0,130.0,88.0,98.0,123.0,102.0,132.0,75.0,119.0,141.0,105.0,130.0,121.0,118.0,119.0,119.0,141.0
20171008,11,PM2.5,151.0,142.0,145.0,142.0,163.0,148.0,143.0,178.0,140.0,121.0,102.0,140.0,123.0,94.0,132.0,165.0,172.0,,146.0,163.0,151.0,151.0,111.0,156.0,125.0,136.0,157.0,86.0,96.0,98.0,151.0,148.0,161.0,149.0,177.0
20171009,11,PM2.5,42.0,46.0,33.0,35.0,32.0,39.0,22.0,23.0,24.0,31.0,3.0,31.0,,29.0,40.0,45.0,35.0,15.0,26.0,54.0,40.0,20.0,20.0,9.0,14.0,,31.0,49.0,32.0,25.0,42.0,38.0,38.0,33.0,37.0
20171010,11,PM2.5,8.0,7.0,7.0,8.0,6.0,7.0,8.0,3.0,3.0,5.0,,8.0,3.0,,3.0,,4.0,6.0,7.0,12.0,3.0,10.0,3.0,3.0,3.0,3.0,9.0,3.0,10.0,6.0,13.0,4.0,6.0,3.0,3.0
20171011,11,PM2.5,22.0,16.0,17.0,15.0,11.0,15.0,9.0,,9.0,17.0,17.0,15.0,12.0,,9.0,22.0,11.0,14.0,21.0,20.0,12.0,12.0,11.0,3.0,16.0,11.0,9.0,8.0,16.0,5.0,12.0,17.0,15.0,16.0,15.0
20171012,11,PM2.5,12.0,11.0,,9.0,10.0,14.0,19.0,19.0,5.0,8.0,9.0,13.0,8.0,9.0,12.0,18.0,9.0,7.0,,15.0,8.0,3.0,3.0,5.0,8.0,8.0,8.0,25.0,3.0,4.0,16.0,21.0,9.0,10.0,9.0
20171013,11,PM2.5,32.0,45.0,37.0,51.0,40.0,38.0,37.0,29.0,,48.0,39.0,30.0,47.0,,50.0,51.0,32.0,21.0,37.0,47.0,22.0,39.0,50.0,19.0,39.0,,37.0,76.0,72.0,73.0,52.0,53.0,34.0,52.0,33.0
20171014,11,PM2.5,13.0,19.0,16.0,21.0,20.0,10.0,25.0,28.0,28.0,27.0,17.0,23.0,25.0,18.0,20.0,24.0,16.0,21.0,,20.0,12.0,2.0,15.0,8.0,14.0,5.0,3.0,26.0,19.0,19.0,10.0,,27.0,11.0,17.0
20171015,11,PM2.5,35.0,48.0,53.0,52.0,44.0,47.0,45.0,43.0,41.0,51.0,50.0,44.0,49.0,40.0,49.0,44.0,36.0,42.0,46.0,51.0,30.0,33.0,40.0,34.0,45.0,24.0,41.0,48.0,52.0,47.0,47.0,55.0,56.0,46.0,49.0
20171016,11,PM2.5,16.0,15.0,11.0,21.0,7.0,19.0,8.0,13.0,13.0,17.0,17.0,17.0,21.0,32.0,45.0,37.0,9.0,29.0,17.0,,6.0,3.0,5.0,25.0,14.0,3.0,40.0,92.0,60.0,27.0,20.0,29.0,16.0,16.0,8.0
20171017,11,PM2.5,56.0,79.0,82.0,90.0,63.0,65.0,77.0,94.0,88.0,101.0,89.0,95.0,71.0,71.0,78.0,66.0,45.0,79.0,88.0,46.0,61.0,51.0,3.0,80.0,70.0,47.0,47.0,58.0,74.0,108.0,78.0,85.0,78.0,90.0,60.0
20171018,11,PM2.5,43.0,58.0,69.0,65.0,64.0,62.0,50.0,71.0,55.0,67.0,67.0,65.0,50.0,56.0,65.0,54.0,78.0,67.0,66.0,101.0,82.0,59.0,24.0,58.0,39.0,69.0,98.0,81.0,53.0,56.0,59.0,67.0,69.0,60.0,72.0
20171019,11,PM2.5,64.0,75.0,55.0,59.0,71.0,56.0,61.0,63.0,49.0,52.0,38.0,43.0,52.0,43.0,66.0,69.0,57.0,65.0,50.0,61.0,41.0,31.0,51.0,55.0,69.0,28.0,55.0,63.0,50.0,51.0,81.0,68.0,74.0,53.0,60.0
20171020,11,PM2.5,,130.0,100.0,104.0,94.0,111.0,86.0,106.0,88.0,108.0,77.0,80.0,86.0,94.0,133.0,154.0,123.0,94.0,57.0,114.0,85.0,125.0,70.0,88.0,71.0,91.0,109.0,,52.0,79.0,111.0,117.0,93.0,108.0,103.0
20171021,11,PM2.5,,117.0,109.0,144.0,107.0,101.0,101.0,110.0,102.0,124.0,119.0,110.0,,134.0,142.0,121.0,73.0,96.0,116.0,132.0,61.0,63.0,65.0,108.0,,53.0,96.0,153.0,74.0,144.0,115.0,116.0,114.0,109.0,86.0
20171022,11,PM2.5,32.0,33.0,31.0,54.0,35.0,27.0,39.0,,35.0,31.0,29.0,34.0,28.0,23.0,36.0,36.0,34.0,32.0,38.0,52.0,39.0,38.0,39.0,37.0,48.0,31.0,40.0,27.0,27.0,35.0,35.0,38.0,43.0,27.0,27.0
20171023,11,PM2.5,28.0,26.0,48.0,38.0,21.0,24.0,40.0,41.0,36.0,38.0,38.0,43.0,31.0,26.0,22.0,18.0,12.0,,41.0,24.0,20.0,10.0,51.0,34.0,63.0,10.0,25.0,30.0,32.0,34.0,,40.0,51.0,30.0,17.0
20171024,11,PM2.5,53.0,64.0,61.0,51.0,49.0,51.0,60.0,58.0,64.0,72.0,73.0,66.0,,74.0,80.0,73.0,65.0,55.0,59.0,81.0,29.0,35.0,58.0,51.0,48.0,,79.0,99.0,,68.0,57.0,56.0,63.0,52.0,
20171025,11,PM2.5,116.0,113.0,125.0,123.0,114.0,110.0,120.0,98.0,126.0,126.0,124.0,124.0,113.0,96.0,119.0,114.0,101.0,116.0,87.0,116.0,92.0,90.0,85.0,98.0,98.0,87.0,100.0,114.0,114.0,121.0,113.0,120.0,129.0,118.0,106.0
20171026,11,PM2.5,194.0,184.0,194.0,195.0,183.0,177.0,170.0,175.0,181.0,187.0,178.0,166.0,143.0,129.0,195.0,163.0,166.0,164.0,147.0,,140.0,144.0,122.0,145.0,123.0,,165.0,141.0,123.0,110.0,192.0,,207.0,206.0,
20171027,11,PM2.5,192.0,197.0,204.0,207.0,155.0,187.0,179.0,173.0,175.0,195.0,166.0,157.0,156.0,172.0,209.0,191.0,130.0,118.0,157.0,161.0,116.0,93.0,135.0,119.0,,73.0,144.0,235.0,175.0,162.0,197.0,,190.0,215.0,177.0
20171028,11,PM2.5,12.0,10.0,9.0,10.0,13.0,9.0,3.0,11.0,6.0,9.0,10.0,8.0,10.0,15.0,10.0,7.0,11.0,10.0,13.0,15.0,3.0,13.0,15.0,3.0,,12.0,16.0,6.0,9.0,110.0,15.0,14.0,11.0,3.0,4.0
20171029,11,PM2.5,3.0,8.0,6.0,4.0,5.0,5.0,3.0,3.0,8.0,3.0,8.0,3.0,4.0,,3.0,3.0,6.0,5.0,5.0,8.0,12.0,9.0,15.0,3.0,11.0,6.0,3.0,3.0,3.0,12.0,5.0,4.0,4.0,3.0,3.0
20171030,11,PM2.5,17.0,16.0,16.0,24.0,5.0,10.0,15.0,,14.0,15.0,20.0,11.0,14.0,20.0,19.0,13.0,6.0,28.0,10.0,10.0,7.0,7.0,32.0,17.0,,4.0,3.0,13.0,25.0,24.0,22.0,19.0,18.0,16.0,
20171031,11,PM2.5,41.0,40.0,47.0,51.0,32.0,32.0,36.0,43.0,30.0,41.0,47.0,42.0,47.0,56.0,55.0,54.0,52.0,41.0,42.0,77.0,31.0,38.0,71.0,35.0,81.0,27.0,60.0,97.0,96.0,40.0,47.0,,44.0,44.0,32.0
20171101,11,PM2.5,52.0,41.0,50.0,54.0,45.0,54.0,38.0,48.0,35.0,49.0,93.0,38.0,85.0,76.0,72.0,,41.0,7.0,67.0,100.0,56.0,45.0,51.0,15.0,27.0,46.0,78.0,120.0,,,48.0,51.0,52.0,47.0,46.0
20171102,11,PM2.5,132.0,136.0,118.0,133.0,113.0,128.0,97.0,82.0,88.0,118.0,104.0,97.0,102.0,105.0,149.0,123.0,60.0,69.0,76.0,74.0,66.0,56.0,82.0,67.0,68.0,46.0,72.0,166.0,,98.0,138.0,137.0,,134.0,137.0
20171103,11,PM2.5,7.0,9.0,10.0,10.0,8.0,7.0,,4.0,14.0,5.0,8.0,9.0,3.0,7.0,8.0,4.0,6.0,12.0,9.0,6.0,3.0,11.0,16.0,7.0,11.0,3.0,5.0,9.0,,52.0,7.0,7.0,15.0,3.0,6.0
20171104,11,PM2.5,31.0,39.0,20.0,35.0,17.0,28.0,8.0,,15.0,52.0,36.0,20.0,30.0,43.0,45.0,34.0,16.0,33.0,20.0,13.0,11.0,8.0,35.0,19.0,32.0,9.0,15.0,65.0,,52.0,41.0,43.0,22.0,41.0,24.0
20171105,11,PM2.5,,88.0,85.0,86.0,96.0,91.0,72.0,86.0,78.0,82.0,86.0,79.0,67.0,85.0,82.0,109.0,110.0,88.0,75.0,108.0,66.0,74.0,76.0,89.0,,72.0,96.0,83.0,97.0,101.0,95.0,99.0,96.0,87.0,99.0
20171106,11,PM2.5,156.0,158.0,168.0,166.0,150.0,144.0,155.0,192.0,194.0,171.0,,167.0,154.0,152.0,131.0,128.0,135.0,170.0,174.0,111.0,146.0,142.0,176.0,172.0,188.0,133.0,113.0,171.0,165.0,198.0,159.0,165.0,174.0,159.0,142.0
20171107,11,PM2.5,71.0,73.0,64.0,58.0,70.0,69.0,71.0,46.0,34.0,48.0,28.0,44.0,176.0,46.0,89.0,,159.0,26.0,30.0,147.0,164.0,144.0,30.0,30.0,37.0,,,186.0,194.0,230.0,90.0,65.0,82.0,40.0,41.0
20171108,11,PM2.5,19.0,23.0,13.0,23.0,22.0,16.0,13.0,15.0,,17.0,15.0,21.0,13.0,23.0,7.0,14.0,20.0,12.0,16.0,19.0,7.0,9.0,33.0,12.0,12.0,10.0,13.0,33.0,17.0,9.0,28.0,23.0,30.0,13.0,11.0
20171109,11,PM2.5,31.0,,45.0,41.0,46.0,38.0,32.0,50.0,36.0,41.0,43.0,37.0,38.0,40.0,39.0,44.0,40.0,56.0,42.0,40.0,30.0,33.0,50.0,48.0,44.0,27.0,,,63.0,42.0,41.0,43.0,44.0,39.0,36.0
20171110,11,PM2.5,8.0,3.0,12.0,5.0,3.0,5.0,4.0,4.0,3.0,3.0,7.0,7.0,3.0,5.0,3.0,,4.0,4.0,8.0,6.0,5.0,9.0,16.0,3.0,5.0,7.0,,3.0,9.0,6.0,5.0,8.0,10.0,,3.0
20171111,11,PM2.5,9.0,7.0,31.0,11.0,9.0,6.0,10.0,13.0,10.0,6.0,17.0,11.0,10.0,8.0,3.0,3.0,5.0,15.0,11.0,14.0,7.0,7.0,48.0,13.0,19.0,,,10.0,5.0,13.0,14.0,12.0,9.0,7.0,6.0
20171112,11,PM2.5,44.0,49.0,43.0,41.0,37.0,40.0,50.0,44.0,36.0,33.0,43.0,37.0,45.0,42.0,36.0,,44.0,66.0,40.0,52.0,40.0,37.0,,48.0,77.0,36.0,45.0,95.0,71.0,68.0,51.0,52.0,51.0,39.0,33.0
20171113,11,PM2.5,7.0,9.0,12.0,9.0,4.0,6.0,3.0,10.0,4.0,3.0,9.0,6.0,17.0,12.0,,8.0,20.0,11.0,6.0,,,18.0,,6.0,3.0,9.0,26.0,17.0,49.0,39.0,6.0,9.0,11.0,3.0,3.0
20171114,11,PM2.5,7.0,10.0,19.0,8.0,4.0,9.0,10.0,5.0,5.0,,10.0,,4.0,3.0,3.0,6.0,10.0,4.0,5.0,6.0,3.0,9.0,3.0,3.0,6.0,3.0,6.0,5.0,8.0,20.0,7.0,10.0,8.0,,
20171115,11,PM2.5,14.0,10.0,9.0,6.0,7.0,13.0,10.0,10.0,11.0,,9.0,13.0,8.0,11.0,3.0,11.0,7.0,6.0,5.0,5.0,8.0,6.0,10.0,8.0,14.0,3.0,7.0,9.0,9.0,55.0,8.0,12.0,13.0,9.0,9.0
20171116,11,PM2.5,73.0,59.0,64.0,61.0,74.0,76.0,49.0,48.0,47.0,50.0,61.0,51.0,60.0,60.0,58.0,68.0,57.0,48.0,52.0,37.0,43.0,46.0,,44.0,49.0,35.0,,56.0,55.0,111.0,62.0,60.0,74.0,59.0,72.0
20171117,11,PM2.5,7.0,10.0,7.0,11.0,8.0,10.0,9.0,10.0,11.0,5.0,10.0,8.0,4.0,7.0,4.0,11.0,6.0,13.0,8.0,5.0,7.0,6.0,10.0,7.0,14.0,11.0,3.0,11.0,4.0,40.0,11.0,12.0,10.0,6.0,7.0
20171118,11,PM2.5,10.0,14.0,16.0,10.0,6.0,6.0,9.0,3.0,3.0,7.0,26.0,16.0,23.0,25.0,8.0,9.0,10.0,8.0,5.0,8.0,14.0,8.0,12.0,7.0,16.0,10.0,11.0,11.0,20.0,35.0,12.0,12.0,17.0,13.0,5.0
20171119,11,PM2.5,67.0,60.0,76.0,67.0,55.0,70.0,71.0,107.0,85.0,45.0,91.0,86.0,,78.0,85.0,118.0,74.0,91.0,95.0,90.0,39.0,36.0,74.0,101.0,53.0,31.0,114.0,120.0,131.0,121.0,59.0,66.0,53.0,63.0,78.0
20171120,11,PM2.5,105.0,125.0,104.0,123.0,92.0,,93.0,136.0,94.0,75.0,,106.0,113.0,114.0,133.0,124.0,87.0,,94.0,90.0,87.0,87.0,28.0,99.0,26.0,60.0,76.0,175.0,240.0,123.0,114.0,141.0,106.0,111.0,100.0
20171121,11,PM2.5,174.0,182.0,169.0,170.0,157.0,174.0,131.0,121.0,148.0,127.0,152.0,150.0,126.0,151.0,172.0,204.0,177.0,142.0,,165.0,150.0,178.0,101.0,153.0,75.0,126.0,131.0,180.0,194.0,171.0,176.0,185.0,173.0,176.0,183.0
20171122,11,PM2.5,3.0,3.0,20.0,6.0,7.0,10.0,10.0,4.0,6.0,3.0,9.0,9.0,3.0,3.0,6.0,7.0,14.0,10.0,7.0,12.0,8.0,12.0,7.0,3.0,12.0,8.0,3.0,11.0,5.0,,7.0,6.0,5.0,3.0,4.0
20171123,11,PM2.5,11.0,3.0,15.0,8.0,6.0,3.0,9.0,10.0,3.0,3.0,14.0,11.0,10.0,6.0,5.0,13.0,9.0,9.0,7.0,15.0,4.0,13.0,9.0,7.0,12.0,8.0,17.0,4.0,18.0,16.0,8.0,11.0,11.0,7.0,8.0
20171124,11,PM2.5,15.0,9.0,,18.0,8.0,,15.0,11.0,,23.0,21.0,15.0,,19.0,8.0,13.0,11.0,8.0,11.0,17.0,16.0,16.0,10.0,9.0,15.0,14.0,11.0,12.0,27.0,17.0,13.0,15.0,10.0,17.0,9.0
20171125,11,PM2.5,56.0,61.0,45.0,61.0,67.0,61.0,48.0,47.0,,70.0,39.0,41.0,54.0,58.0,64.0,79.0,56.0,48.0,22.0,57.0,49.0,41.0,29.0,23.0,15.0,36.0,38.0,86.0,97.0,102.0,62.0,69.0,53.0,55.0,72.0
20171126,11,PM2.5,7.0,3.0,6.0,10.0,9.0,4.0,5.0,7.0,,5.0,11.0,9.0,3.0,5.0,3.0,6.0,8.0,4.0,12.0,6.0,5.0,4.0,7.0,3.0,10.0,6.0,6.0,11.0,3.0,15.0,10.0,4.0,6.0,,3.0
20171127,11,PM2.5,81.0,85.0,69.0,77.0,67.0,76.0,56.0,53.0,,72.0,67.0,66.0,58.0,74.0,72.0,68.0,56.0,,70.0,44.0,47.0,48.0,60.0,60.0,60.0,49.0,55.0,71.0,92.0,138.0,75.0,86.0,82.0,90.0,81.0
20171128,11,PM2.5,15.0,11.0,23.0,12.0,11.0,11.0,8.0,15.0,,18.0,14.0,13.0,7.0,9.0,5.0,18.0,24.0,13.0,8.0,35.0,41.0,32.0,46.0,14.0,16.0,14.0,31.0,32.0,16.0,88.0,11.0,14.0,10.0,6.0,21.0
20171129,11,PM2.5,10.0,7.0,14.0,11.0,8.0,7.0,12.0,11.0,,18.0,16.0,12.0,8.0,10.0,4.0,4.0,11.0,11.0,11.0,26.0,12.0,6.0,36.0,16.0,27.0,3.0,19.0,11.0,,12.0,13.0,8.0,,9.0,7.0
20171130,11,PM2.5,7.0,6.0,11.0,4.0,4.0,6.0,3.0,6.0,,7.0,9.0,5.0,21.0,3.0,4.0,9.0,7.0,9.0,6.0,5.0,12.0,5.0,10.0,3.0,13.0,10.0,3.0,9.0,7.0,33.0,10.0,5.0,,3.0,6.0
20171201,11,PM2.5,76.0,92.0,58.0,75.0,48.0,74.0,53.0,47.0,,67.0,47.0,52.0,46.0,99.0,114.0,54.0,47.0,51.0,46.0,43.0,32.0,30.0,28.0,40.0,27.0,23.0,36.0,135.0,161.0,97.0,83.0,103.0,64.0,55.0,52.0
20171202,11,PM2.5,155.0,153.0,143.0,156.0,140.0,152.0,114.0,88.0,,163.0,133.0,122.0,103.0,148.0,156.0,197.0,147.0,119.0,51.0,151.0,116.0,136.0,88.0,86.0,98.0,107.0,162.0,188.0,210.0,127.0,159.0,169.0,159.0,159.0,163.0
20171203,11,PM2.5,12.0,18.0,10.0,14.0,12.0,10.0,13.0,13.0,,22.0,23.0,16.0,13.0,8.0,5.0,10.0,9.0,18.0,25.0,4.0,38.0,5.0,40.0,16.0,12.0,10.0,13.0,31.0,13.0,39.0,14.0,12.0,19.0,6.0,6.0
20171204,11,PM2.5,5.0,10.0,3.0,3.0,5.0,8.0,3.0,3.0,,7.0,7.0,5.0,3.0,3.0,3.0,7.0,5.0,3.0,5.0,10.0,8.0,14.0,7.0,8.0,9.0,3.0,4.0,6.0,3.0,15.0,4.0,4.0,3.0,3.0,3.0
20171205,11,PM2.5,32.0,30.0,42.0,46.0,21.0,31.0,29.0,3.0,,49.0,51.0,32.0,63.0,59.0,40.0,45.0,21.0,13.0,3.0,28.0,26.0,28.0,9.0,6.0,10.0,10.0,16.0,62.0,70.0,128.0,40.0,36.0,24.0,43.0,28.0
20171206,11,PM2.5,21.0,19.0,24.0,29.0,18.0,19.0,18.0,13.0,,40.0,26.0,21.0,26.0,42.0,52.0,24.0,30.0,16.0,16.0,44.0,31.0,26.0,43.0,15.0,25.0,19.0,22.0,76.0,162.0,56.0,24.0,27.0,29.0,36.0,17.0
20171207,11,PM2.5,11.0,11.0,16.0,10.0,14.0,10.0,16.0,8.0,,10.0,10.0,7.0,3.0,8.0,7.0,7.0,10.0,11.0,8.0,9.0,13.0,4.0,31.0,12.0,17.0,7.0,10.0,15.0,16.0,71.0,20.0,13.0,15.0,11.0,9.0
20171209,11,PM2.5,49.0,48.0,51.0,48.0,35.0,41.0,43.0,59.0,,17.0,20.0,45.0,66.0,61.0,41.0,37.0,28.0,49.0,25.0,46.0,14.0,25.0,41.0,43.0,,16.0,50.0,97.0,128.0,77.0,50.0,49.0,51.0,51.0,30.0
20171210,11,PM2.5,8.0,9.0,10.0,10.0,6.0,9.0,6.0,6.0,,3.0,7.0,4.0,4.0,3.0,3.0,8.0,3.0,12.0,9.0,4.0,4.0,7.0,3.0,3.0,8.0,5.0,5.0,4.0,7.0,6.0,5.0,4.0,9.0,6.0,13.0
20171211,11,PM2.5,10.0,12.0,8.0,9.0,6.0,7.0,11.0,6.0,,37.0,9.0,9.0,86.0,8.0,4.0,6.0,4.0,3.0,11.0,5.0,7.0,3.0,6.0,3.0,10.0,9.0,11.0,3.0,6.0,15.0,11.0,8.0,13.0,8.0,4.0
20171212,11,PM2.5,8.0,7.0,10.0,7.0,8.0,5.0,12.0,13.0,,,10.0,8.0,18.0,11.0,5.0,,9.0,28.0,8.0,10.0,11.0,5.0,9.0,16.0,10.0,12.0,22.0,11.0,10.0,20.0,7.0,,33.0,9.0,7.0
20171213,11,PM2.5,24.0,26.0,32.0,30.0,24.0,27.0,26.0,40.0,,39.0,32.0,35.0,28.0,30.0,19.0,28.0,23.0,34.0,29.0,26.0,22.0,17.0,56.0,,35.0,21.0,30.0,42.0,23.0,47.0,28.0,31.0,,27.0,24.0
20171214,11,PM2.5,65.0,,,70.0,98.0,70.0,69.0,79.0,,80.0,84.0,,,76.0,68.0,69.0,85.0,70.0,,58.0,58.0,51.0,49.0,64.0,56.0,54.0,64.0,129.0,96.0,122.0,73.0,72.0,92.0,82.0,71.0
20171215,11,PM2.5,9.0,11.0,7.0,28.0,7.0,8.0,10.0,5.0,,12.0,10.0,8.0,8.0,8.0,11.0,10.0,18.0,9.0,7.0,7.0,45.0,5.0,13.0,9.0,17.0,6.0,14.0,8.0,8.0,170.0,9.0,10.0,9.0,4.0,
20171216,11,PM2.5,10.0,9.0,11.0,6.0,6.0,,14.0,7.0,,8.0,8.0,4.0,,5.0,6.0,9.0,3.0,5.0,7.0,7.0,7.0,6.0,11.0,7.0,11.0,3.0,5.0,16.0,7.0,,10.0,19.0,10.0,6.0,8.0
20171217,11,PM2.5,30.0,,30.0,35.0,33.0,,32.0,28.0,,60.0,42.0,36.0,72.0,45.0,69.0,55.0,20.0,23.0,31.0,27.0,11.0,21.0,16.0,25.0,18.0,9.0,33.0,79.0,72.0,113.0,37.0,37.0,3.0,46.0,36.0
20171218,11,PM2.5,10.0,6.0,3.0,11.0,7.0,,3.0,11.0,,21.0,11.0,10.0,7.0,8.0,6.0,11.0,16.0,12.0,10.0,27.0,3.0,39.0,8.0,12.0,12.0,21.0,22.0,18.0,10.0,14.0,3.0,9.0,12.0,,
20171219,11,PM2.5,29.0,34.0,23.0,,20.0,27.0,20.0,26.0,,3.0,22.0,24.0,42.0,44.0,46.0,32.0,24.0,23.0,27.0,25.0,13.0,23.0,22.0,24.0,19.0,8.0,13.0,41.0,47.0,43.0,34.0,44.0,28.0,39.0,30.0
20171220,11,PM2.5,11.0,8.0,10.0,8.0,12.0,9.0,7.0,3.0,,9.0,8.0,5.0,3.0,4.0,5.0,12.0,12.0,13.0,3.0,76.0,39.0,39.0,8.0,5.0,,20.0,17.0,6.0,5.0,64.0,16.0,21.0,6.0,3.0,
20171221,11,PM2.5,25.0,24.0,34.0,,30.0,32.0,40.0,60.0,,45.0,37.0,43.0,51.0,57.0,26.0,39.0,34.0,61.0,16.0,43.0,16.0,17.0,59.0,45.0,68.0,17.0,31.0,157.0,155.0,35.0,,29.0,33.0,25.0,17.0
20171222,11,PM2.5,32.0,21.0,11.0,16.0,18.0,28.0,12.0,16.0,,30.0,,16.0,12.0,19.0,32.0,,33.0,14.0,17.0,25.0,61.0,50.0,80.0,21.0,20.0,33.0,39.0,27.0,101.0,128.0,33.0,21.0,15.0,10.0,20.0
20171223,11,PM2.5,39.0,50.0,30.0,38.0,21.0,36.0,33.0,38.0,,3.0,31.0,30.0,25.0,38.0,59.0,65.0,24.0,34.0,17.0,42.0,19.0,22.0,69.0,22.0,70.0,12.0,68.0,138.0,66.0,39.0,37.0,51.0,30.0,52.0,44.0
20171224,11,PM2.5,11.0,11.0,11.0,8.0,8.0,9.0,25.0,10.0,,3.0,4.0,7.0,6.0,5.0,10.0,17.0,8.0,9.0,,10.0,8.0,5.0,7.0,12.0,17.0,8.0,10.0,10.0,10.0,4.0,8.0,13.0,11.0,6.0,8.0
20171225,11,PM2.5,37.0,41.0,39.0,38.0,33.0,38.0,38.0,23.0,,46.0,46.0,33.0,65.0,58.0,53.0,42.0,21.0,20.0,9.0,20.0,18.0,14.0,50.0,15.0,48.0,10.0,13.0,32.0,48.0,123.0,45.0,46.0,35.0,55.0,34.0
20171226,11,PM2.5,,21.0,,22.0,18.0,21.0,15.0,39.0,,23.0,15.0,16.0,19.0,25.0,31.0,75.0,19.0,16.0,19.0,32.0,16.0,13.0,44.0,14.0,46.0,9.0,36.0,37.0,31.0,27.0,22.0,26.0,22.0,24.0,16.0
20171227,11,PM2.5,81.0,73.0,77.0,72.0,,72.0,82.0,65.0,,81.0,77.0,77.0,79.0,73.0,62.0,74.0,79.0,66.0,87.0,46.0,54.0,55.0,79.0,124.0,78.0,44.0,38.0,117.0,65.0,,81.0,79.0,86.0,79.0,67.0
20171228,11,PM2.5,87.0,99.0,100.0,88.0,90.0,81.0,113.0,116.0,,,96.0,105.0,98.0,114.0,96.0,70.0,69.0,128.0,97.0,,74.0,78.0,114.0,102.0,126.0,72.0,89.0,119.0,181.0,150.0,87.0,103.0,106.0,103.0,84.0
20171229,11,PM2.5,129.0,217.0,127.0,192.0,111.0,128.0,,142.0,,169.0,144.0,117.0,208.0,201.0,184.0,235.0,174.0,166.0,121.0,178.0,105.0,113.0,193.0,151.0,157.0,90.0,157.0,203.0,180.0,194.0,210.0,249.0,126.0,224.0,133.0
20171230,11,PM2.5,213.0,239.0,232.0,238.0,166.0,208.0,253.0,23.0,,258.0,241.0,229.0,268.0,262.0,250.0,237.0,224.0,23.0,,273.0,204.0,162.0,23.0,13.0,23.0,140.0,245.0,252.0,270.0,322.0,243.0,262.0,,265.0,201.0
